bank,family,kind,acc,chance,n_win,n_rec,secs,folds
GEOMAG-storm,rqa,lean,0.9375,0.5000,128,16,2,0:1.000;1:0.625;2:1.000;3:0.625;4:1.000;5:1.000;6:1.000;7:1.000;8:0.875;9:1.000;10:1.000;11:1.000;12:1.000;13:1.000;14:0.875;15:1.000
GEOMAG-storm,rqa,aug,0.8984,0.5000,128,16,13,0:1.000;1:0.625;2:0.875;3:0.750;4:1.000;5:1.000;6:0.875;7:1.000;8:0.875;9:1.000;10:1.000;11:1.000;12:0.875;13:0.625;14:0.875;15:1.000
HYD-cooler,coherence,lean,0.6250,0.3333,72,18,3,0:0.750;1:0.250;2:0.750;3:1.000;4:0.750;5:0.250;6:0.500;7:0.250;8:0.500;9:0.500;10:0.750;11:0.500;12:0.500;13:0.750;14:0.750;15:0.750;16:1.000;17:0.750
HYD-cooler,coherence,aug,0.7778,0.3333,72,18,6,0:0.750;1:0.250;2:0.750;3:1.000;4:0.500;5:0.500;6:0.750;7:0.500;8:0.750;9:0.750;10:0.750;11:0.750;12:1.000;13:1.000;14:1.000;15:1.000;16:1.000;17:1.000
ECN,rqa,lean,0.5918,0.1667,196,14,2,0:0.357;1:0.714;2:0.429;3:0.571;4:0.929;5:1.000;6:0.000;9:1.000;10:0.929;11:1.000;12:0.500;13:0.143;14:0.714;15:0.000
ECN,rqa,aug,0.6531,0.1667,196,14,17,0:0.643;1:0.714;2:0.786;3:0.786;4:1.000;5:1.000;6:0.000;9:1.000;10:1.000;11:1.000;12:0.571;13:0.214;14:0.429;15:0.000
CWRU,rqa,lean,0.8715,0.1667,2849,24,6,0:1.000;1:1.000;2:1.000;3:1.000;4:0.723;5:0.932;6:0.899;7:0.050;8:0.847;9:0.840;10:0.429;11:0.700;12:0.849;13:0.992;14:1.000;15:1.000;16:1.000;17:1.000;18:1.000;19:1.000;20:0.815;21:0.941;22:0.958;23:0.941
CWRU,rqa,aug,0.9968,0.1667,2849,24,226,0:1.000;1:1.000;2:1.000;3:1.000;4:0.992;5:0.975;6:1.000;7:1.000;8:1.000;9:1.000;10:1.000;11:0.975;12:1.000;13:1.000;14:1.000;15:1.000;16:1.000;17:1.000;18:1.000;19:0.992;20:1.000;21:1.000;22:1.000;23:0.992
MFPT,rqa,lean,0.7799,0.3333,3718,20,6,0:0.881;1:0.888;2:1.000;3:0.909;4:0.755;5:0.787;6:0.469;7:0.811;8:0.748;9:0.846;10:0.895;11:0.073;12:0.657;13:0.923;14:0.909;15:0.902;16:0.902;17:0.727;18:0.776;19:0.738
MFPT,rqa,aug,0.8991,0.3333,3718,20,331,0:0.972;1:0.958;2:0.972;3:0.965;4:0.343;5:0.958;6:0.846;7:1.000;8:0.944;9:0.916;10:0.937;11:0.531;12:0.986;13:0.986;14:0.972;15:1.000;16:0.958;17:0.818;18:0.962;19:0.958
CALCE-soh,rqa,lean,0.5789,0.3333,306,18,3,0:0.000;1:1.000;2:0.641;3:0.000;4:0.825;5:0.750;6:0.000;7:0.250;8:0.724;9:1.000;10:0.800;11:0.926;12:1.000;13:0.333;14:0.778;15:0.000;16:0.500;17:0.893
CALCE-soh,rqa,aug,0.8592,0.3333,306,18,30,0:1.000;1:1.000;2:0.615;3:1.000;4:0.725;5:0.333;6:1.000;7:0.688;8:0.862;9:1.000;10:1.000;11:1.000;12:1.000;13:0.667;14:1.000;15:1.000;16:0.611;17:0.964
HYD-cooler,rqa,lean,0.5333,0.3333,90,18,4,0:1.000;1:0.600;2:0.600;3:1.000;4:0.800;5:0.000;6:0.600;7:0.000;8:0.400;9:0.200;10:0.600;11:0.600;12:0.200;13:1.000;14:0.800;15:0.200;16:0.600;17:0.400
HYD-cooler,rqa,aug,0.7333,0.3333,90,18,14,0:1.000;1:0.400;2:1.000;3:1.000;4:1.000;5:0.200;6:0.600;7:0.400;8:0.800;9:0.400;10:0.800;11:1.000;12:0.800;13:0.800;14:0.800;15:0.800;16:0.400;17:1.000
HYD-valve,rqa,lean,0.1917,0.2500,120,24,5,0:0.200;1:0.200;2:0.600;3:0.400;4:0.400;5:0.400;6:0.200;7:0.200;8:0.200;9:0.200;10:0.200;11:0.400;12:0.000;13:0.000;14:0.200;15:0.200;16:0.000;17:0.200;18:0.000;19:0.000;20:0.000;21:0.000;22:0.200;23:0.200
HYD-valve,rqa,aug,0.1667,0.2500,120,24,15,0:0.600;1:0.200;2:0.200;3:0.200;4:0.200;5:0.200;6:0.400;7:0.600;8:0.400;9:0.000;10:0.200;11:0.000;12:0.000;13:0.000;14:0.000;15:0.000;16:0.400;17:0.200;18:0.200;19:0.000;20:0.000;21:0.000;22:0.000;23:0.000
HYD-accumulator,rqa,lean,0.2750,0.2500,120,24,4,0:0.400;1:0.200;2:0.400;3:0.200;4:0.200;5:0.200;6:0.200;7:0.200;8:0.000;9:0.200;10:0.200;11:0.200;12:0.000;13:0.000;14:0.600;15:0.400;16:0.600;17:0.200;18:0.400;19:0.400;20:0.600;21:0.400;22:0.000;23:0.400
HYD-accumulator,rqa,aug,0.1833,0.2500,120,24,13,0:0.400;1:0.600;2:0.000;3:0.000;4:0.000;5:0.000;6:0.000;7:0.000;8:0.200;9:0.400;10:0.200;11:0.000;12:0.000;13:0.000;14:0.200;15:0.000;16:0.200;17:0.200;18:0.200;19:0.200;20:0.800;21:0.400;22:0.000;23:0.400
DCASE-valve-id,rqa,lean,0.3250,0.2500,120,24,4,0:0.000;1:1.000;2:0.600;3:0.600;4:0.400;5:0.200;6:0.400;7:0.400;8:0.000;9:0.400;10:0.000;11:0.000;12:0.000;13:0.600;14:0.200;15:0.000;16:0.000;17:0.800;18:0.600;19:0.200;20:0.600;21:0.000;22:0.400;23:0.400
DCASE-valve-id,rqa,aug,0.3083,0.2500,120,24,14,0:0.000;1:1.000;2:0.200;3:0.400;4:0.600;5:0.400;6:0.000;7:1.000;8:0.200;9:0.600;10:0.000;11:0.000;12:0.000;13:0.200;14:0.000;15:0.400;16:0.000;17:0.600;18:0.800;19:0.000;20:0.200;21:0.000;22:0.200;23:0.600
DCASE-valve-anomaly,rqa,lean,0.2375,0.5000,80,16,3,0:0.200;1:0.200;2:0.000;3:0.400;4:0.200;5:0.400;6:0.200;7:0.000;8:0.000;9:0.800;10:0.400;11:0.000;12:0.000;13:0.800;14:0.000;15:0.200
DCASE-valve-anomaly,rqa,aug,0.2500,0.5000,80,16,9,0:0.600;1:0.200;2:0.000;3:0.200;4:0.800;5:0.000;6:0.000;7:0.200;8:0.000;9:0.800;10:0.400;11:0.400;12:0.000;13:0.200;14:0.000;15:0.200
DCASE-pump-id,rqa,lean,0.2917,0.2500,120,24,4,0:0.400;1:0.400;2:0.000;3:0.000;4:0.800;5:0.000;6:0.000;7:0.200;8:0.200;9:0.200;10:0.000;11:0.200;12:0.000;13:0.400;14:0.600;15:0.400;16:0.000;17:0.800;18:0.600;19:0.200;20:0.000;21:0.000;22:0.600;23:1.000
DCASE-pump-id,rqa,aug,0.3833,0.2500,120,24,14,0:0.000;1:0.200;2:0.200;3:0.000;4:0.000;5:0.000;6:0.200;7:0.200;8:0.000;9:0.600;10:0.000;11:0.000;12:0.800;13:1.000;14:1.000;15:0.600;16:0.000;17:1.000;18:1.000;19:0.600;20:0.000;21:0.000;22:0.800;23:1.000
DCASE-pump-anomaly,rqa,lean,0.3625,0.5000,80,16,2,0:0.000;1:0.400;2:0.000;3:0.400;4:0.600;5:0.200;6:0.600;7:0.200;8:1.000;9:0.400;10:0.200;11:0.600;12:0.600;13:0.000;14:0.200;15:0.400
DCASE-pump-anomaly,rqa,aug,0.4875,0.5000,80,16,11,0:0.000;1:0.400;2:0.200;3:0.800;4:0.600;5:0.200;6:0.200;7:0.800;8:0.600;9:0.400;10:0.200;11:0.600;12:0.800;13:0.600;14:0.400;15:1.000
IMS-fault,rqa,lean,0.6094,0.5000,192,12,2,1st-b0:0.625;1st-b1:0.812;1st-b2:0.375;1st-b3:0.312;2nd-b0:0.000;2nd-b1:0.938;2nd-b2:0.625;2nd-b3:0.812;4th-b0:0.875;4th-b1:0.875;4th-b2:0.062;4th-b3:1.000
IMS-fault,rqa,aug,0.6771,0.5000,192,12,19,1st-b0:0.938;1st-b1:0.812;1st-b2:0.625;1st-b3:0.375;2nd-b0:0.125;2nd-b1:1.000;2nd-b2:0.438;2nd-b3:1.000;4th-b0:0.875;4th-b1:0.750;4th-b2:0.188;4th-b3:1.000
SEIS-depth,rqa,lean,0.6875,0.5000,128,16,3,0:1.000;1:0.250;2:0.500;3:1.000;4:0.875;5:1.000;6:1.000;7:0.250;8:0.375;9:0.250;10:1.000;11:0.750;12:0.375;13:0.750;14:0.875;15:0.750
SEIS-depth,rqa,aug,0.7734,0.5000,128,16,15,0:1.000;1:0.500;2:0.750;3:1.000;4:0.875;5:1.000;6:1.000;7:0.000;8:1.000;9:0.875;10:0.625;11:0.625;12:0.625;13:0.875;14:0.875;15:0.750
GRIDFREQ-area,rqa,lean,0.5365,0.1667,192,24,6,0:1.000;1:1.000;2:1.000;3:1.000;4:0.500;5:0.125;6:0.875;7:0.500;8:0.375;9:0.250;10:0.000;11:0.500;12:0.750;13:1.000;14:1.000;15:0.375;16:0.875;17:0.375;18:0.000;19:0.250;20:0.375;21:0.250;22:0.500;23:0.000
GRIDFREQ-area,rqa,aug,0.6250,0.1667,192,24,21,0:1.000;1:1.000;2:1.000;3:1.000;4:0.375;5:0.125;6:0.500;7:0.375;8:0.625;9:0.250;10:0.125;11:0.750;12:1.000;13:0.375;14:0.875;15:1.000;16:0.750;17:0.875;18:0.000;19:0.750;20:0.875;21:0.375;22:1.000;23:0.000
GAS-id,rqa,lean,0.1208,0.2500,240,20,4,0:0.083;1:0.083;2:0.083;3:0.167;4:0.083;5:0.000;6:0.000;7:0.167;8:0.083;9:0.167;10:0.083;11:0.083;12:0.083;13:0.250;14:0.083;15:0.333;16:0.167;17:0.000;18:0.167;19:0.250
GAS-id,rqa,aug,0.0708,0.2500,240,20,25,0:0.000;1:0.000;2:0.000;3:0.250;4:0.000;5:0.000;6:0.083;7:0.083;8:0.000;9:0.000;10:0.000;11:0.000;12:0.167;13:0.000;14:0.083;15:0.417;16:0.167;17:0.000;18:0.167;19:0.000
VOLCANO-eruption,rqa,lean,0.7667,0.5000,120,15,3,0:1.000;1:0.875;2:1.000;3:0.750;4:0.000;5:1.000;6:0.000;7:1.000;9:0.625;10:1.000;11:1.000;12:1.000;13:1.000;14:1.000;15:0.250
VOLCANO-eruption,rqa,aug,0.6167,0.5000,120,15,16,0:0.875;1:1.000;2:1.000;3:0.750;4:0.000;5:1.000;6:0.000;7:0.000;9:0.500;10:1.000;11:1.000;12:1.000;13:1.000;14:0.000;15:0.125
HYD-valve,coherence,lean,0.1979,0.2500,96,24,5,0:0.250;1:0.500;2:0.250;3:0.250;4:0.500;5:0.250;6:0.000;7:0.500;8:0.250;9:0.500;10:0.250;11:0.250;12:0.000;13:0.000;14:0.000;15:0.000;16:0.000;17:0.000;18:0.000;19:0.250;20:0.250;21:0.000;22:0.250;23:0.250
HYD-valve,coherence,aug,0.2188,0.2500,96,24,11,0:0.250;1:0.500;2:0.250;3:0.250;4:0.500;5:0.000;6:0.000;7:0.500;8:0.500;9:0.250;10:0.500;11:0.500;12:0.000;13:0.250;14:0.250;15:0.000;16:0.000;17:0.000;18:0.250;19:0.000;20:0.250;21:0.000;22:0.250;23:0.000
HYD-accumulator,coherence,lean,0.2188,0.2500,96,24,6,0:0.500;1:0.250;2:0.250;3:0.000;4:0.250;5:0.250;6:0.000;7:0.250;8:0.000;9:0.000;10:0.250;11:0.000;12:0.250;13:0.000;14:0.000;15:0.000;16:0.000;17:0.500;18:0.000;19:0.750;20:0.500;21:0.500;22:0.500;23:0.250
HYD-accumulator,coherence,aug,0.1771,0.2500,96,24,9,0:0.250;1:0.250;2:0.000;3:0.250;4:0.000;5:0.000;6:0.000;7:0.250;8:0.000;9:0.250;10:0.000;11:0.000;12:0.000;13:0.000;14:0.250;15:0.000;16:0.000;17:0.000;18:0.250;19:0.750;20:0.500;21:0.750;22:0.250;23:0.250
GAS-id,coherence,lean,0.3000,0.2500,159,20,3,0:0.250;1:0.000;2:0.125;3:0.375;4:0.625;5:0.000;6:0.250;7:0.500;8:0.250;9:0.250;10:0.000;11:0.625;12:0.500;13:0.000;14:0.375;15:0.500;16:0.500;17:0.000;18:0.375;19:0.500
GAS-id,coherence,aug,0.4473,0.2500,159,20,16,0:0.500;1:0.000;2:0.250;3:0.375;4:0.500;5:0.625;6:0.500;7:0.500;8:0.250;9:0.625;10:0.500;11:0.500;12:0.375;13:0.500;14:0.375;15:0.500;16:0.500;17:0.571;18:0.500;19:0.500
