bank,rec,lean,forge
HYD-cooler,0,1.0000,1.0000
HYD-cooler,1,0.6000,0.6000
HYD-cooler,2,0.6000,0.8000
HYD-cooler,3,1.0000,1.0000
HYD-cooler,4,0.8000,1.0000
HYD-cooler,5,0.0000,0.4000
HYD-cooler,6,0.6000,0.4000
HYD-cooler,7,0.0000,0.4000
HYD-cooler,8,0.4000,0.6000
HYD-cooler,9,0.2000,0.8000
HYD-cooler,10,0.6000,0.6000
HYD-cooler,11,0.6000,0.6000
HYD-cooler,12,0.2000,1.0000
HYD-cooler,13,1.0000,1.0000
HYD-cooler,14,0.8000,0.6000
HYD-cooler,15,0.2000,0.6000
HYD-cooler,16,0.6000,0.6000
HYD-cooler,17,0.4000,1.0000
DCASE-valve-anomaly,0,0.4000,0.6000
DCASE-valve-anomaly,1,0.2000,0.2000
DCASE-valve-anomaly,2,0.0000,0.0000
DCASE-valve-anomaly,3,0.2000,0.4000
DCASE-valve-anomaly,4,0.6000,0.6000
DCASE-valve-anomaly,5,0.0000,1.0000
DCASE-valve-anomaly,6,1.0000,0.2000
DCASE-valve-anomaly,7,1.0000,0.8000
DCASE-valve-anomaly,8,0.4000,0.0000
DCASE-valve-anomaly,9,0.6000,0.8000
DCASE-valve-anomaly,10,0.8000,0.2000
DCASE-valve-anomaly,11,0.0000,0.4000
DCASE-valve-anomaly,12,0.0000,0.4000
DCASE-valve-anomaly,13,1.0000,1.0000
DCASE-valve-anomaly,14,1.0000,0.6000
DCASE-valve-anomaly,15,0.2000,0.2000
HYD-accumulator,0,0.4000,0.4000
HYD-accumulator,1,0.2000,0.6000
HYD-accumulator,2,0.4000,0.0000
HYD-accumulator,3,0.2000,0.0000
HYD-accumulator,4,0.2000,0.0000
HYD-accumulator,5,0.2000,0.2000
HYD-accumulator,6,0.2000,0.8000
HYD-accumulator,7,0.2000,0.2000
HYD-accumulator,8,0.0000,0.4000
HYD-accumulator,9,0.2000,0.2000
HYD-accumulator,10,0.2000,0.2000
HYD-accumulator,11,0.2000,0.0000
HYD-accumulator,12,0.0000,0.4000
HYD-accumulator,13,0.0000,0.0000
HYD-accumulator,14,0.6000,0.2000
HYD-accumulator,15,0.4000,0.4000
HYD-accumulator,16,0.6000,0.6000
HYD-accumulator,17,0.2000,0.2000
HYD-accumulator,18,0.4000,0.6000
HYD-accumulator,19,0.4000,0.2000
HYD-accumulator,20,0.6000,0.6000
HYD-accumulator,21,0.4000,0.6000
HYD-accumulator,22,0.0000,0.2000
HYD-accumulator,23,0.4000,0.2000
HYD-valve-PHASE,0,1.0000,1.0000
HYD-valve-PHASE,1,1.0000,1.0000
HYD-valve-PHASE,2,1.0000,1.0000
HYD-valve-PHASE,3,1.0000,1.0000
HYD-valve-PHASE,4,1.0000,1.0000
HYD-valve-PHASE,5,1.0000,0.0000
HYD-valve-PHASE,6,0.0000,0.0000
HYD-valve-PHASE,7,1.0000,1.0000
HYD-valve-PHASE,8,1.0000,1.0000
HYD-valve-PHASE,9,1.0000,1.0000
HYD-valve-PHASE,10,0.0000,1.0000
HYD-valve-PHASE,11,0.0000,1.0000
HYD-valve-PHASE,12,0.0000,1.0000
HYD-valve-PHASE,13,0.0000,0.0000
HYD-valve-PHASE,14,0.0000,0.0000
HYD-valve-PHASE,15,0.0000,0.0000
HYD-valve-PHASE,16,0.0000,1.0000
HYD-valve-PHASE,17,0.0000,0.0000
HYD-valve-PHASE,18,1.0000,0.0000
HYD-valve-PHASE,19,0.0000,1.0000
HYD-valve-PHASE,20,1.0000,1.0000
HYD-valve-PHASE,21,0.0000,1.0000
HYD-valve-PHASE,22,0.0000,0.0000
HYD-valve-PHASE,23,0.0000,0.0000
CALCE-soh-LOCO,0,0.7925,0.7925
CALCE-soh-LOCO,1,0.8769,0.6615
CALCE-soh-LOCO,2,0.6613,0.7742
CALCE-soh-LOCO,3,0.9091,1.0000
CALCE-soh-LOCO,4,0.6739,0.9130
CALCE-soh-LOCO,5,0.7234,0.9362
ECG-AFib-vs-NSR,0,1.0000,1.0000
ECG-AFib-vs-NSR,1,1.0000,1.0000
ECG-AFib-vs-NSR,2,1.0000,1.0000
ECG-AFib-vs-NSR,3,1.0000,1.0000
ECG-AFib-vs-NSR,4,0.0000,0.5000
ECG-AFib-vs-NSR,5,1.0000,1.0000
ECG-AFib-vs-NSR,6,1.0000,0.7500
ECG-AFib-vs-NSR,7,0.8750,1.0000
ECG-AFib-vs-NSR,8,1.0000,1.0000
ECG-AFib-vs-NSR,9,1.0000,1.0000
ECG-AFib-vs-NSR,10,0.6250,1.0000
ECG-AFib-vs-NSR,11,1.0000,1.0000
ECG-AFib-vs-NSR,12,1.0000,1.0000
ECG-AFib-vs-NSR,13,1.0000,1.0000
ECG-AFib-vs-NSR,14,1.0000,1.0000
ECG-AFib-vs-NSR,15,0.5000,1.0000
IMS-fault,1st-b0,0.6250,0.6250
IMS-fault,1st-b1,0.8125,0.9375
IMS-fault,1st-b2,0.3750,0.6875
IMS-fault,1st-b3,0.3125,0.5000
IMS-fault,2nd-b0,0.0000,0.0625
IMS-fault,2nd-b1,0.9375,0.9375
IMS-fault,2nd-b2,0.6250,0.3125
IMS-fault,2nd-b3,0.8125,0.7500
IMS-fault,4th-b0,0.8750,0.9375
IMS-fault,4th-b1,0.8750,0.8750
IMS-fault,4th-b2,0.0625,0.0000
IMS-fault,4th-b3,1.0000,0.8750
PUMP-id,0,0.4000,0.0000
PUMP-id,1,0.4000,0.2000
PUMP-id,2,0.0000,0.2000
PUMP-id,3,0.0000,0.0000
PUMP-id,4,0.8000,0.8000
PUMP-id,5,0.0000,0.2000
PUMP-id,6,0.0000,0.4000
PUMP-id,7,0.2000,0.2000
PUMP-id,8,0.2000,0.0000
PUMP-id,9,0.2000,0.4000
PUMP-id,10,0.0000,0.2000
PUMP-id,11,0.2000,0.2000
PUMP-id,12,0.0000,0.8000
PUMP-id,13,0.4000,0.0000
PUMP-id,14,0.6000,0.8000
PUMP-id,15,0.4000,0.8000
PUMP-id,16,0.0000,1.0000
PUMP-id,17,0.8000,0.2000
PUMP-id,18,0.6000,0.2000
PUMP-id,19,0.2000,0.2000
PUMP-id,20,0.0000,0.0000
PUMP-id,21,0.0000,0.0000
PUMP-id,22,0.6000,0.8000
PUMP-id,23,1.0000,1.0000
PUMP-anomaly,0,0.0000,0.2000
PUMP-anomaly,1,0.4000,0.6000
PUMP-anomaly,2,0.0000,0.0000
PUMP-anomaly,3,0.4000,1.0000
PUMP-anomaly,4,0.6000,1.0000
PUMP-anomaly,5,0.2000,0.2000
PUMP-anomaly,6,0.6000,0.2000
PUMP-anomaly,7,0.2000,0.8000
PUMP-anomaly,8,1.0000,0.4000
PUMP-anomaly,9,0.4000,0.4000
PUMP-anomaly,10,0.2000,0.6000
PUMP-anomaly,11,0.6000,0.2000
PUMP-anomaly,12,0.6000,0.6000
PUMP-anomaly,13,0.0000,0.4000
PUMP-anomaly,14,0.2000,0.0000
PUMP-anomaly,15,0.4000,0.2000
SEIS-depth,0,1.0000,1.0000
SEIS-depth,1,0.2500,0.7500
SEIS-depth,2,0.5000,0.8750
SEIS-depth,3,1.0000,1.0000
SEIS-depth,4,0.8750,0.7500
SEIS-depth,5,1.0000,1.0000
SEIS-depth,6,1.0000,1.0000
SEIS-depth,7,0.2500,0.0000
SEIS-depth,8,0.3750,0.7500
SEIS-depth,9,0.2500,0.8750
SEIS-depth,10,1.0000,0.8750
SEIS-depth,11,0.7500,0.3750
SEIS-depth,12,0.3750,0.3750
SEIS-depth,13,0.7500,0.5000
SEIS-depth,14,0.8750,0.6250
SEIS-depth,15,0.7500,1.0000
VALVE-id-fullcov,0,0.0000,0.0000
VALVE-id-fullcov,1,1.0000,0.6000
VALVE-id-fullcov,2,0.6000,0.2000
VALVE-id-fullcov,3,0.6000,0.4000
VALVE-id-fullcov,4,0.4000,0.2000
VALVE-id-fullcov,5,0.2000,0.2000
VALVE-id-fullcov,6,0.4000,0.0000
VALVE-id-fullcov,7,0.4000,0.8000
VALVE-id-fullcov,8,0.0000,0.2000
VALVE-id-fullcov,9,0.4000,0.2000
VALVE-id-fullcov,10,0.0000,0.0000
VALVE-id-fullcov,11,0.0000,0.0000
VALVE-id-fullcov,12,0.0000,0.0000
VALVE-id-fullcov,13,0.6000,0.2000
VALVE-id-fullcov,14,0.2000,0.0000
VALVE-id-fullcov,15,0.0000,0.0000
VALVE-id-fullcov,16,0.0000,0.0000
VALVE-id-fullcov,17,0.8000,0.2000
VALVE-id-fullcov,18,0.6000,0.0000
VALVE-id-fullcov,19,0.2000,0.0000
VALVE-id-fullcov,20,0.6000,0.2000
VALVE-id-fullcov,21,0.0000,0.2000
VALVE-id-fullcov,22,0.4000,0.2000
VALVE-id-fullcov,23,0.4000,0.2000
IMS-stage,1st-b0-early,0.0000,0.4375
IMS-stage,1st-b0-late,0.0000,0.1250
IMS-stage,1st-b0-mid,0.3750,0.3125
IMS-stage,1st-b1-early,0.3125,0.2500
IMS-stage,1st-b1-late,0.4375,0.0625
IMS-stage,1st-b1-mid,0.3750,0.5625
IMS-stage,1st-b2-early,0.0625,0.5625
IMS-stage,1st-b2-late,0.0625,0.3750
IMS-stage,1st-b2-mid,0.0000,0.4375
IMS-stage,1st-b3-early,0.0000,0.3125
IMS-stage,1st-b3-late,0.1250,0.3750
IMS-stage,1st-b3-mid,0.1250,0.3125
IMS-stage,2nd-b0-early,0.3125,0.4375
IMS-stage,2nd-b0-late,0.5000,0.8125
IMS-stage,2nd-b0-mid,0.1250,0.2500
IMS-stage,2nd-b1-early,0.3125,0.5000
IMS-stage,2nd-b1-late,0.4375,0.5625
IMS-stage,2nd-b1-mid,0.3750,0.3125
IMS-stage,2nd-b2-early,0.2500,0.1250
IMS-stage,2nd-b2-late,0.4375,0.3125
IMS-stage,2nd-b2-mid,0.3750,0.1875
IMS-stage,2nd-b3-early,0.1875,0.2500
IMS-stage,2nd-b3-late,0.5625,0.6250
IMS-stage,2nd-b3-mid,0.0625,0.4375
IMS-stage,4th-b0-early,0.3125,0.3125
IMS-stage,4th-b0-late,0.3125,0.3750
IMS-stage,4th-b0-mid,0.3750,0.4375
IMS-stage,4th-b1-early,0.3125,0.5000
IMS-stage,4th-b1-late,0.5625,0.4375
IMS-stage,4th-b1-mid,0.3125,0.2500
IMS-stage,4th-b2-early,0.0625,0.1250
IMS-stage,4th-b2-late,0.3750,0.3125
IMS-stage,4th-b2-mid,0.0000,0.3125
IMS-stage,4th-b3-early,0.2500,0.4375
IMS-stage,4th-b3-late,0.3125,0.4375
IMS-stage,4th-b3-mid,0.2500,0.2500
VALVE-anomaly-fullcov,0,0.2000,0.6000
VALVE-anomaly-fullcov,1,0.2000,0.4000
VALVE-anomaly-fullcov,2,0.0000,0.4000
VALVE-anomaly-fullcov,3,0.4000,0.2000
VALVE-anomaly-fullcov,4,0.2000,0.4000
VALVE-anomaly-fullcov,5,0.4000,0.4000
VALVE-anomaly-fullcov,6,0.2000,0.6000
VALVE-anomaly-fullcov,7,0.0000,0.4000
VALVE-anomaly-fullcov,8,0.0000,0.6000
VALVE-anomaly-fullcov,9,0.8000,0.4000
VALVE-anomaly-fullcov,10,0.4000,0.2000
VALVE-anomaly-fullcov,11,0.0000,0.4000
VALVE-anomaly-fullcov,12,0.0000,0.0000
VALVE-anomaly-fullcov,13,0.8000,0.6000
VALVE-anomaly-fullcov,14,0.0000,0.8000
VALVE-anomaly-fullcov,15,0.2000,0.0000
VALVE-id-fullcov-GUARD,0,0.0000,0.0000
VALVE-id-fullcov-GUARD,1,1.0000,0.6000
VALVE-id-fullcov-GUARD,2,0.6000,0.6000
VALVE-id-fullcov-GUARD,3,0.6000,0.4000
VALVE-id-fullcov-GUARD,4,0.4000,0.4000
VALVE-id-fullcov-GUARD,5,0.2000,0.2000
VALVE-id-fullcov-GUARD,6,0.4000,0.0000
VALVE-id-fullcov-GUARD,7,0.4000,0.4000
VALVE-id-fullcov-GUARD,8,0.0000,0.2000
VALVE-id-fullcov-GUARD,9,0.4000,0.6000
VALVE-id-fullcov-GUARD,10,0.0000,0.0000
VALVE-id-fullcov-GUARD,11,0.0000,0.0000
VALVE-id-fullcov-GUARD,12,0.0000,0.0000
VALVE-id-fullcov-GUARD,13,0.6000,0.0000
VALVE-id-fullcov-GUARD,14,0.2000,0.0000
VALVE-id-fullcov-GUARD,15,0.0000,0.4000
VALVE-id-fullcov-GUARD,16,0.0000,0.0000
VALVE-id-fullcov-GUARD,17,0.8000,0.2000
VALVE-id-fullcov-GUARD,18,0.6000,0.0000
VALVE-id-fullcov-GUARD,19,0.2000,0.0000
VALVE-id-fullcov-GUARD,20,0.6000,0.2000
VALVE-id-fullcov-GUARD,21,0.0000,0.0000
VALVE-id-fullcov-GUARD,22,0.4000,0.4000
VALVE-id-fullcov-GUARD,23,0.4000,0.2000
GEOMAG-storm,0,1.0000,1.0000
GEOMAG-storm,1,0.6250,0.8750
GEOMAG-storm,2,1.0000,1.0000
GEOMAG-storm,3,0.6250,0.8750
GEOMAG-storm,4,1.0000,1.0000
GEOMAG-storm,5,1.0000,1.0000
GEOMAG-storm,6,1.0000,0.1250
GEOMAG-storm,7,1.0000,1.0000
GEOMAG-storm,8,0.8750,0.8750
GEOMAG-storm,9,1.0000,1.0000
GEOMAG-storm,10,1.0000,1.0000
GEOMAG-storm,11,1.0000,1.0000
GEOMAG-storm,12,1.0000,0.7500
GEOMAG-storm,13,1.0000,0.6250
GEOMAG-storm,14,0.8750,0.8750
GEOMAG-storm,15,1.0000,1.0000
GAS-id,0,0.0833,0.5833
GAS-id,1,0.0833,0.1667
GAS-id,2,0.0833,0.2500
GAS-id,3,0.1667,0.0833
GAS-id,4,0.0833,0.0833
GAS-id,5,0.0000,0.0833
GAS-id,6,0.0000,0.1667
GAS-id,7,0.1667,0.0000
GAS-id,8,0.0833,0.0833
GAS-id,9,0.1667,0.1667
GAS-id,10,0.0833,0.1667
GAS-id,11,0.0833,0.1667
GAS-id,12,0.0833,0.2500
GAS-id,13,0.2500,0.0833
GAS-id,14,0.0833,0.0833
GAS-id,15,0.3333,0.1667
GAS-id,16,0.1667,0.1667
GAS-id,17,0.0000,0.1667
GAS-id,18,0.1667,0.0000
GAS-id,19,0.2500,0.2500
GRIDFREQ-area,0,1.0000,0.8750
GRIDFREQ-area,1,1.0000,1.0000
GRIDFREQ-area,2,1.0000,1.0000
GRIDFREQ-area,3,1.0000,1.0000
GRIDFREQ-area,4,0.5000,0.5000
GRIDFREQ-area,5,0.1250,0.2500
GRIDFREQ-area,6,0.8750,0.3750
GRIDFREQ-area,7,0.5000,0.5000
GRIDFREQ-area,8,0.3750,0.6250
GRIDFREQ-area,9,0.2500,0.6250
GRIDFREQ-area,10,0.0000,0.2500
GRIDFREQ-area,11,0.5000,1.0000
GRIDFREQ-area,12,0.7500,1.0000
GRIDFREQ-area,13,1.0000,0.8750
GRIDFREQ-area,14,1.0000,0.7500
GRIDFREQ-area,15,0.3750,0.8750
GRIDFREQ-area,16,0.8750,0.7500
GRIDFREQ-area,17,0.3750,1.0000
GRIDFREQ-area,18,0.0000,0.0000
GRIDFREQ-area,19,0.2500,1.0000
GRIDFREQ-area,20,0.3750,0.6250
GRIDFREQ-area,21,0.2500,0.3750
GRIDFREQ-area,22,0.5000,0.6250
GRIDFREQ-area,23,0.0000,0.7500
GAS-id-LEVEL,0,0.0833,0.0833
GAS-id-LEVEL,1,0.2500,0.3333
GAS-id-LEVEL,2,0.0000,0.0833
GAS-id-LEVEL,3,0.0833,0.4167
GAS-id-LEVEL,4,0.0000,0.1667
GAS-id-LEVEL,5,0.0000,0.1667
GAS-id-LEVEL,6,0.0000,0.4167
GAS-id-LEVEL,7,0.0833,0.1667
GAS-id-LEVEL,8,0.0833,0.2500
GAS-id-LEVEL,9,0.1667,0.1667
GAS-id-LEVEL,10,0.0833,0.0833
GAS-id-LEVEL,11,0.0000,0.2500
GAS-id-LEVEL,12,0.1667,0.0833
GAS-id-LEVEL,13,0.2500,0.1667
GAS-id-LEVEL,14,0.0833,0.0833
GAS-id-LEVEL,15,0.1667,0.2500
GAS-id-LEVEL,16,0.1667,0.1667
GAS-id-LEVEL,17,0.1667,0.2500
GAS-id-LEVEL,18,0.1667,0.4167
GAS-id-LEVEL,19,0.0833,0.1667
GAS-id-4Hz-LEVEL,0,0.5000,0.3750
GAS-id-4Hz-LEVEL,1,0.1250,0.2500
GAS-id-4Hz-LEVEL,2,0.0000,0.3750
GAS-id-4Hz-LEVEL,3,0.3750,0.5000
GAS-id-4Hz-LEVEL,4,0.5000,0.2500
GAS-id-4Hz-LEVEL,5,0.2500,0.2500
GAS-id-4Hz-LEVEL,6,0.1250,0.1250
GAS-id-4Hz-LEVEL,7,0.2500,0.2500
GAS-id-4Hz-LEVEL,8,0.5000,0.5000
GAS-id-4Hz-LEVEL,9,0.0000,0.1250
GAS-id-4Hz-LEVEL,10,0.0000,0.2500
GAS-id-4Hz-LEVEL,11,0.1250,0.3750
GAS-id-4Hz-LEVEL,12,0.1250,0.1250
GAS-id-4Hz-LEVEL,13,0.0000,0.1250
GAS-id-4Hz-LEVEL,14,0.1250,0.0000
GAS-id-4Hz-LEVEL,15,0.3750,0.7500
GAS-id-4Hz-LEVEL,16,0.1250,0.0000
GAS-id-4Hz-LEVEL,17,0.0000,0.0000
GAS-id-4Hz-LEVEL,18,0.0000,0.1250
GAS-id-4Hz-LEVEL,19,0.0000,0.3750
GAS-id-4Hz-SHAPE,0,0.3750,0.6250
GAS-id-4Hz-SHAPE,1,0.1250,0.0000
GAS-id-4Hz-SHAPE,2,0.0000,0.1250
GAS-id-4Hz-SHAPE,3,0.3750,0.3750
GAS-id-4Hz-SHAPE,4,0.6250,0.5000
GAS-id-4Hz-SHAPE,5,0.1250,0.1250
GAS-id-4Hz-SHAPE,6,0.2500,0.6250
GAS-id-4Hz-SHAPE,7,0.3750,0.5000
GAS-id-4Hz-SHAPE,8,0.5000,0.6250
GAS-id-4Hz-SHAPE,9,0.2500,0.1250
GAS-id-4Hz-SHAPE,10,0.5000,0.5000
GAS-id-4Hz-SHAPE,11,0.2500,0.5000
GAS-id-4Hz-SHAPE,12,0.3750,0.3750
GAS-id-4Hz-SHAPE,13,0.2500,0.0000
GAS-id-4Hz-SHAPE,14,0.0000,0.5000
GAS-id-4Hz-SHAPE,15,0.5000,0.3750
GAS-id-4Hz-SHAPE,16,0.0000,0.3750
GAS-id-4Hz-SHAPE,17,0.1429,0.2857
GAS-id-4Hz-SHAPE,18,0.0000,0.0000
GAS-id-4Hz-SHAPE,19,0.1250,0.3750
SEIS-depth-KONO (receipt smoke test),0,1.0000,1.0000
SEIS-depth-KONO (receipt smoke test),1,0.7500,0.1250
SEIS-depth-KONO (receipt smoke test),2,1.0000,1.0000
SEIS-depth-KONO (receipt smoke test),3,0.5000,0.0000
SEIS-depth-KONO (receipt smoke test),4,1.0000,0.7500
SEIS-depth-KONO (receipt smoke test),5,0.1250,0.5000
SEIS-depth-KONO (receipt smoke test),6,0.5000,0.6250
SEIS-depth-KONO (receipt smoke test),7,1.0000,1.0000
SEIS-depth-KONO (receipt smoke test),8,0.6250,1.0000
SEIS-depth-KONO (receipt smoke test),9,0.7500,1.0000
SEIS-depth-KONO (receipt smoke test),10,1.0000,1.0000
SEIS-depth-KONO (receipt smoke test),11,0.7500,0.1250
SEIS-depth-KONO (receipt smoke test),12,0.8750,0.6250
SEIS-depth-KONO (receipt smoke test),13,0.1250,0.7500
SEIS-depth-KONO (receipt smoke test),14,1.0000,1.0000
SEIS-depth-KONO (receipt smoke test),15,0.0000,0.0000
VOLC-eruptive (UWE),0,1.0000,0.7500
VOLC-eruptive (UWE),1,0.8750,0.7500
VOLC-eruptive (UWE),2,1.0000,0.8750
VOLC-eruptive (UWE),3,0.7500,0.0000
VOLC-eruptive (UWE),4,0.0000,0.7500
VOLC-eruptive (UWE),5,1.0000,0.8750
VOLC-eruptive (UWE),6,0.0000,0.5000
VOLC-eruptive (UWE),7,1.0000,0.8750
VOLC-eruptive (UWE),9,0.6250,0.3750
VOLC-eruptive (UWE),10,1.0000,1.0000
VOLC-eruptive (UWE),11,1.0000,1.0000
VOLC-eruptive (UWE),12,1.0000,1.0000
VOLC-eruptive (UWE),13,1.0000,1.0000
VOLC-eruptive (UWE),14,1.0000,0.0000
VOLC-eruptive (UWE),15,0.2500,0.1250
DCASE-pump-id-PEAK,0,0.0000,0.4000
DCASE-pump-id-PEAK,1,0.2000,0.0000
DCASE-pump-id-PEAK,2,0.0000,0.0000
DCASE-pump-id-PEAK,3,0.0000,0.0000
DCASE-pump-id-PEAK,4,0.0000,0.4000
DCASE-pump-id-PEAK,5,0.0000,0.2000
DCASE-pump-id-PEAK,6,0.2000,0.6000
DCASE-pump-id-PEAK,7,0.0000,0.2000
DCASE-pump-id-PEAK,8,0.2000,0.4000
DCASE-pump-id-PEAK,9,0.6000,0.8000
DCASE-pump-id-PEAK,10,0.0000,0.2000
DCASE-pump-id-PEAK,11,0.2000,0.0000
DCASE-pump-id-PEAK,12,0.4000,1.0000
DCASE-pump-id-PEAK,13,0.4000,0.0000
DCASE-pump-id-PEAK,14,0.8000,0.0000
DCASE-pump-id-PEAK,15,0.2000,0.8000
DCASE-pump-id-PEAK,16,0.2000,1.0000
DCASE-pump-id-PEAK,17,0.2000,1.0000
DCASE-pump-id-PEAK,18,0.0000,0.6000
DCASE-pump-id-PEAK,19,0.0000,0.2000
DCASE-pump-id-PEAK,20,0.0000,0.0000
DCASE-pump-id-PEAK,21,0.0000,0.0000
DCASE-pump-id-PEAK,22,1.0000,0.0000
DCASE-pump-id-PEAK,23,1.0000,1.0000
IMS-fault-PEAK,1st-b0,0.3750,0.5625
IMS-fault-PEAK,1st-b1,0.6250,0.7500
IMS-fault-PEAK,1st-b2,0.0625,0.2500
IMS-fault-PEAK,1st-b3,0.0000,0.8125
IMS-fault-PEAK,2nd-b0,0.0000,0.5000
IMS-fault-PEAK,2nd-b1,0.9375,1.0000
IMS-fault-PEAK,2nd-b2,0.5000,0.3750
IMS-fault-PEAK,2nd-b3,1.0000,0.9375
IMS-fault-PEAK,4th-b0,0.7500,0.9375
IMS-fault-PEAK,4th-b1,0.6250,0.7500
IMS-fault-PEAK,4th-b2,0.1250,0.0000
IMS-fault-PEAK,4th-b3,0.7500,0.9375
IMS-fault-POOL4,1st-b0,1.0000,1.0000
IMS-fault-POOL4,1st-b1,1.0000,1.0000
IMS-fault-POOL4,1st-b2,0.9375,0.6250
IMS-fault-POOL4,1st-b3,1.0000,0.9375
IMS-fault-POOL4,2nd-b0,0.2500,0.0000
IMS-fault-POOL4,2nd-b1,1.0000,1.0000
IMS-fault-POOL4,2nd-b2,0.7500,0.2500
IMS-fault-POOL4,2nd-b3,0.6250,0.5000
IMS-fault-POOL4,4th-b0,0.9375,0.8750
IMS-fault-POOL4,4th-b1,0.9375,0.9375
IMS-fault-POOL4,4th-b2,0.0000,0.0625
IMS-fault-POOL4,4th-b3,0.7500,0.5000
PRECURSOR-UWE-2h,4,0.6875,0.4375
PRECURSOR-UWE-2h,5,0.6875,0.3125
PRECURSOR-UWE-2h,7,0.5625,0.5000
PRECURSOR-UWE-2h,8,0.7500,0.3750
PRECURSOR-UWE-2h,9,0.6250,0.5000
PRECURSOR-UWE-2h,10,0.1250,0.6875
PRECURSOR-UWE-2h,11,0.4375,0.5000
PRECURSOR-UWE-2h,12,0.4375,0.3125
PRECURSOR-UWE-2h,13,0.1875,0.4375
PRECURSOR-UWE-2h,14,0.4375,0.4375
PRECURSOR-UWE-2h,15,0.0625,0.2500
PRECURSOR-UWE-2h,16,0.1875,0.5625
PRECURSOR-UWE-2h,17,0.5625,0.1875
PRECURSOR-UWE-2h,18,0.3750,0.3125
PRECURSOR-UWE-2h,19,0.4375,0.3125
PRECURSOR-UWE-2h,20,0.4375,0.6875
PRECURSOR-UWE-2h,21,0.6875,0.6875
PRECURSOR-UWE-2h,22,0.3125,0.3125
PRECURSOR-UWE-2h,23,0.6250,0.6875
PRECURSOR-UWE-2h,24,0.5625,0.5625
PRECURSOR-UWE-2h,25,0.3750,0.3750
PRECURSOR-UWE-2h,26,0.5625,0.6875
PRECURSOR-UWE-2h,27,0.4375,0.3750
PRECURSOR-UWE-2h,28,0.5625,0.6875
PRECURSOR-UWE-2h,29,0.5000,0.2500
PRECURSOR-UWE-2h,30,0.4375,0.4375
PRECURSOR-UWE-2h,31,0.5000,0.3750
PRECURSOR-UWE-2h,32,0.7500,0.7500
PRECURSOR-UWE-2h,33,0.8125,0.8125
PRECURSOR-UWE-2h,34,0.3750,0.3750
PRECURSOR-UWE-2h,35,0.8750,1.0000
PRECURSOR-UWE-2h,36,0.6250,0.6250
PRECURSOR-UWE-2h,37,0.1875,0.5000
PRECURSOR-UWE-2h,38,0.7500,0.9375
PRECURSOR-UWE-2h,39,0.8750,0.6875
PRECURSOR-UWE-2h,40,0.6875,0.8125
PRECURSOR-UWE-2h,41,0.5625,0.8125
PRECURSOR-UWE-2h,42,0.8125,0.5000
PRECURSOR-UWE-2h,43,0.7500,0.4375
PRECURSOR-UWE-2h,44,0.6875,0.6875
PRECURSOR-UWE-2h,45,0.5625,0.4375
PRECURSOR-UWE-2h,46,0.8125,0.3750
PRECURSOR-UWE-2h,47,0.2500,0.0000
PRECURSOR-UWE-2h,48,0.5625,0.6250
PRECURSOR-UWE-2h,49,0.9375,0.4375
PRECURSOR-UWE-2h,50,0.3125,0.5000
PRECURSOR-RIMD-2h,4,0.5000,0.4375
PRECURSOR-RIMD-2h,5,0.7500,0.3750
PRECURSOR-RIMD-2h,7,0.5625,0.5000
PRECURSOR-RIMD-2h,8,0.5625,0.3125
PRECURSOR-RIMD-2h,9,0.6250,0.5625
PRECURSOR-RIMD-2h,10,0.3125,0.6250
PRECURSOR-RIMD-2h,11,0.4375,0.5000
PRECURSOR-RIMD-2h,12,0.3750,0.3750
PRECURSOR-RIMD-2h,13,0.3750,0.4375
PRECURSOR-RIMD-2h,14,0.2500,0.5000
PRECURSOR-RIMD-2h,15,0.1250,0.3750
PRECURSOR-RIMD-2h,16,0.9375,0.6250
PRECURSOR-RIMD-2h,17,0.5000,0.5000
PRECURSOR-RIMD-2h,18,0.3750,0.4375
PRECURSOR-RIMD-2h,19,0.6250,0.5625
PRECURSOR-RIMD-2h,20,0.5000,0.6875
PRECURSOR-RIMD-2h,21,0.5625,0.7500
PRECURSOR-RIMD-2h,22,0.6875,0.6875
PRECURSOR-RIMD-2h,23,0.7500,0.3750
PRECURSOR-RIMD-2h,24,0.2500,0.4375
PRECURSOR-RIMD-2h,25,0.6250,0.5000
PRECURSOR-RIMD-2h,26,0.5625,0.4375
PRECURSOR-RIMD-2h,27,0.5625,0.4375
PRECURSOR-RIMD-2h,28,0.3750,0.6250
PRECURSOR-RIMD-2h,29,0.4375,0.6250
PRECURSOR-RIMD-2h,30,0.4375,0.3750
PRECURSOR-RIMD-2h,31,0.3125,0.4375
PRECURSOR-RIMD-2h,32,0.8750,0.4375
PRECURSOR-RIMD-2h,33,0.5625,0.3750
PRECURSOR-RIMD-2h,34,0.5000,0.6250
PRECURSOR-RIMD-2h,35,0.5000,0.3750
PRECURSOR-RIMD-2h,36,0.4375,0.5625
PRECURSOR-RIMD-2h,37,0.5625,0.5000
PRECURSOR-RIMD-2h,38,1.0000,0.4375
PRECURSOR-RIMD-2h,39,0.5625,0.5000
PRECURSOR-RIMD-2h,40,0.8125,0.5000
PRECURSOR-RIMD-2h,41,0.3750,0.3750
PRECURSOR-RIMD-2h,42,0.8125,0.4375
PRECURSOR-RIMD-2h,43,0.8750,0.5000
PRECURSOR-RIMD-2h,44,0.8125,0.6250
PRECURSOR-RIMD-2h,45,0.3125,0.5625
PRECURSOR-RIMD-2h,46,0.3750,0.3125
PRECURSOR-RIMD-2h,47,0.1250,0.3750
PRECURSOR-RIMD-2h,48,0.7500,0.5000
PRECURSOR-RIMD-2h,49,0.6250,0.3750
PRECURSOR-RIMD-2h,50,0.1875,0.2500
PAUSEPHASE-UWE,4,0.3750,0.5000
PAUSEPHASE-UWE,8,0.5625,0.3125
PAUSEPHASE-UWE,9,0.5000,0.6250
PAUSEPHASE-UWE,10,0.3125,0.6250
PAUSEPHASE-UWE,11,0.5625,0.4375
PAUSEPHASE-UWE,12,0.5000,0.5000
PAUSEPHASE-UWE,13,0.8125,0.4375
PAUSEPHASE-UWE,14,0.8125,0.6250
PAUSEPHASE-UWE,15,0.4375,0.5625
PAUSEPHASE-UWE,16,0.3750,0.2500
PAUSEPHASE-UWE,17,0.6875,0.0625
PAUSEPHASE-UWE,18,0.8125,0.5625
PAUSEPHASE-UWE,19,0.5625,0.5625
PAUSEPHASE-UWE,21,0.4375,0.6250
PAUSEPHASE-UWE,23,0.6875,0.5625
PAUSEPHASE-UWE,24,0.3750,0.5000
PAUSEPHASE-UWE,25,0.6250,0.4375
PAUSEPHASE-UWE,26,0.6250,0.4375
PAUSEPHASE-UWE,27,0.3750,0.5625
PAUSEPHASE-UWE,28,0.6875,0.4375
PAUSEPHASE-UWE,29,0.4375,0.5625
PAUSEPHASE-UWE,30,0.7500,0.3125
PAUSEPHASE-UWE,31,0.5625,0.5625
PAUSEPHASE-UWE,32,0.8125,0.4375
PAUSEPHASE-UWE,33,0.4375,0.1875
PAUSEPHASE-UWE,34,0.3750,0.3750
PAUSEPHASE-UWE,35,0.6250,0.3750
PAUSEPHASE-UWE,36,0.6250,0.7500
PAUSEPHASE-UWE,37,0.6875,0.6875
PAUSEPHASE-UWE,38,0.4375,0.5000
PAUSEPHASE-UWE,39,0.6250,0.4375
PAUSEPHASE-UWE,40,0.7500,0.8125
PAUSEPHASE-UWE,41,0.5000,0.3750
PAUSEPHASE-UWE,42,0.6875,0.4375
PAUSEPHASE-UWE,43,0.5625,0.4375
PAUSEPHASE-UWE,44,0.5000,0.5000
PAUSEPHASE-UWE,45,0.5000,0.5625
PAUSEPHASE-UWE,46,0.6875,0.6875
PAUSEPHASE-UWE,47,0.5625,0.5000
PAUSEPHASE-UWE,48,0.6250,0.3125
PAUSEPHASE-UWE,50,0.4375,0.3750
PAUSEPHASE-RIMD,4,0.8125,0.7500
PAUSEPHASE-RIMD,8,0.6875,0.5000
PAUSEPHASE-RIMD,9,0.1875,0.5000
PAUSEPHASE-RIMD,10,0.8125,0.4375
PAUSEPHASE-RIMD,11,0.3750,0.5625
PAUSEPHASE-RIMD,12,0.5625,0.4375
PAUSEPHASE-RIMD,13,0.6250,0.8125
PAUSEPHASE-RIMD,14,0.6250,0.4375
PAUSEPHASE-RIMD,15,0.7500,0.4375
PAUSEPHASE-RIMD,16,0.4375,0.4375
PAUSEPHASE-RIMD,17,0.3750,0.3125
PAUSEPHASE-RIMD,18,0.4375,0.5000
PAUSEPHASE-RIMD,19,0.6250,0.7500
PAUSEPHASE-RIMD,21,0.6250,0.7500
PAUSEPHASE-RIMD,23,0.6250,0.7500
PAUSEPHASE-RIMD,24,0.6250,0.3125
PAUSEPHASE-RIMD,25,0.4375,0.4375
PAUSEPHASE-RIMD,26,0.6875,0.3125
PAUSEPHASE-RIMD,27,0.5625,0.6250
PAUSEPHASE-RIMD,28,0.6875,0.3750
PAUSEPHASE-RIMD,29,0.5000,0.5000
PAUSEPHASE-RIMD,30,0.3750,0.5000
PAUSEPHASE-RIMD,31,0.6875,0.7500
PAUSEPHASE-RIMD,32,0.4375,0.4375
PAUSEPHASE-RIMD,33,0.4375,0.5625
PAUSEPHASE-RIMD,34,0.7500,0.2500
PAUSEPHASE-RIMD,35,0.6250,0.5000
PAUSEPHASE-RIMD,36,0.6875,0.6250
PAUSEPHASE-RIMD,37,0.5000,0.4375
PAUSEPHASE-RIMD,38,0.6250,0.3125
PAUSEPHASE-RIMD,39,0.5000,0.3125
PAUSEPHASE-RIMD,40,0.9375,0.5000
PAUSEPHASE-RIMD,41,0.2500,0.4375
PAUSEPHASE-RIMD,42,0.7500,1.0000
PAUSEPHASE-RIMD,43,0.1875,0.5625
PAUSEPHASE-RIMD,44,0.5000,0.3125
PAUSEPHASE-RIMD,45,0.7500,0.6875
PAUSEPHASE-RIMD,46,0.4375,0.4375
PAUSEPHASE-RIMD,47,0.6875,0.4375
PAUSEPHASE-RIMD,48,0.6875,0.8125
PAUSEPHASE-RIMD,50,0.4375,0.5000
LIGO-GLITCH,0,1.0000,1.0000
LIGO-GLITCH,1,1.0000,1.0000
LIGO-GLITCH,2,1.0000,1.0000
LIGO-GLITCH,3,0.8750,1.0000
LIGO-GLITCH,4,1.0000,1.0000
LIGO-GLITCH,5,1.0000,1.0000
LIGO-GLITCH,6,1.0000,1.0000
LIGO-GLITCH,7,1.0000,1.0000
LIGO-GLITCH,8,1.0000,1.0000
LIGO-GLITCH,9,1.0000,1.0000
LIGO-GLITCH,10,1.0000,1.0000
LIGO-GLITCH,11,1.0000,1.0000
LIGO-GLITCH,12,1.0000,1.0000
LIGO-GLITCH,13,1.0000,1.0000
LIGO-GLITCH,14,1.0000,1.0000
LIGO-GLITCH,15,1.0000,1.0000
LIGO-GLITCH,16,0.8750,0.8750
LIGO-GLITCH,17,0.6250,0.5000
LIGO-GLITCH,18,0.7500,1.0000
LIGO-GLITCH,19,0.7500,0.8750
LIGO-GLITCH,20,1.0000,0.8750
LIGO-GLITCH,21,0.7500,0.8750
LIGO-GLITCH,22,1.0000,0.8750
LIGO-GLITCH,23,1.0000,1.0000
LIGO-GLITCH,24,0.8750,0.7500
LIGO-GLITCH,25,0.8750,0.7500
LIGO-GLITCH,26,0.8750,1.0000
LIGO-GLITCH,27,1.0000,0.8750
LIGO-GLITCH,28,0.8750,0.6250
LIGO-GLITCH,29,0.8750,1.0000
LIGO-GLITCH,30,1.0000,1.0000
LIGO-GLITCH,31,0.8750,1.0000
LIGO-GLITCH,0,1.0000,1.0000
LIGO-GLITCH,1,1.0000,1.0000
LIGO-GLITCH,2,1.0000,1.0000
LIGO-GLITCH,3,0.8750,1.0000
LIGO-GLITCH,4,1.0000,1.0000
LIGO-GLITCH,5,1.0000,1.0000
LIGO-GLITCH,6,1.0000,1.0000
LIGO-GLITCH,7,1.0000,1.0000
LIGO-GLITCH,8,1.0000,1.0000
LIGO-GLITCH,9,1.0000,1.0000
LIGO-GLITCH,10,1.0000,1.0000
LIGO-GLITCH,11,1.0000,1.0000
LIGO-GLITCH,12,1.0000,1.0000
LIGO-GLITCH,13,1.0000,1.0000
LIGO-GLITCH,14,1.0000,1.0000
LIGO-GLITCH,15,1.0000,1.0000
LIGO-GLITCH,16,0.8750,0.8750
LIGO-GLITCH,17,0.6250,0.5000
LIGO-GLITCH,18,0.7500,1.0000
LIGO-GLITCH,19,0.7500,0.8750
LIGO-GLITCH,20,1.0000,0.8750
LIGO-GLITCH,21,0.7500,0.8750
LIGO-GLITCH,22,1.0000,0.8750
LIGO-GLITCH,23,1.0000,1.0000
LIGO-GLITCH,24,0.8750,0.7500
LIGO-GLITCH,25,0.8750,0.7500
LIGO-GLITCH,26,0.8750,1.0000
LIGO-GLITCH,27,1.0000,0.8750
LIGO-GLITCH,28,0.8750,0.6250
LIGO-GLITCH,29,0.8750,1.0000
LIGO-GLITCH,30,1.0000,1.0000
LIGO-GLITCH,31,0.8750,1.0000
LIGO-GLITCH_KOI_FISH_WHISTLE,0,1.0000,0.8750
LIGO-GLITCH_KOI_FISH_WHISTLE,1,0.6250,0.7500
LIGO-GLITCH_KOI_FISH_WHISTLE,2,0.5000,0.7500
LIGO-GLITCH_KOI_FISH_WHISTLE,3,0.6250,0.6250
LIGO-GLITCH_KOI_FISH_WHISTLE,4,0.6250,0.8750
LIGO-GLITCH_KOI_FISH_WHISTLE,5,0.6250,0.8750
LIGO-GLITCH_KOI_FISH_WHISTLE,6,0.8750,0.7500
LIGO-GLITCH_KOI_FISH_WHISTLE,7,0.7500,0.3750
LIGO-GLITCH_KOI_FISH_WHISTLE,8,0.3750,0.0000
LIGO-GLITCH_KOI_FISH_WHISTLE,9,0.8750,0.2500
LIGO-GLITCH_KOI_FISH_WHISTLE,10,1.0000,0.7500
LIGO-GLITCH_KOI_FISH_WHISTLE,11,0.1250,0.7500
LIGO-GLITCH_KOI_FISH_WHISTLE,12,0.1250,0.3750
LIGO-GLITCH_KOI_FISH_WHISTLE,13,0.5000,0.2500
LIGO-GLITCH_KOI_FISH_WHISTLE,14,0.5000,0.8750
LIGO-GLITCH_KOI_FISH_WHISTLE,15,0.8750,1.0000
LIGO-GLITCH_KOI_FISH_WHISTLE,16,0.3750,0.8750
LIGO-GLITCH_KOI_FISH_WHISTLE,17,0.3750,1.0000
LIGO-GLITCH_KOI_FISH_WHISTLE,18,0.7500,1.0000
LIGO-GLITCH_KOI_FISH_WHISTLE,19,0.8750,1.0000
LIGO-GLITCH_KOI_FISH_WHISTLE,20,0.7500,1.0000
LIGO-GLITCH_KOI_FISH_WHISTLE,21,0.6250,0.8750
LIGO-GLITCH_KOI_FISH_WHISTLE,22,0.2500,0.8750
LIGO-GLITCH_KOI_FISH_WHISTLE,23,0.6250,1.0000
LIGO-GLITCH_KOI_FISH_WHISTLE,24,0.5000,1.0000
LIGO-GLITCH_KOI_FISH_WHISTLE,25,0.6250,1.0000
LIGO-GLITCH_KOI_FISH_WHISTLE,26,0.8750,1.0000
LIGO-GLITCH_KOI_FISH_WHISTLE,27,0.7500,1.0000
LIGO-GLITCH_KOI_FISH_WHISTLE,28,0.6250,1.0000
LIGO-GLITCH_KOI_FISH_WHISTLE,29,0.8750,1.0000
LIGO-GLITCH_KOI_FISH_WHISTLE,30,0.6250,1.0000
