bank,variant,acc,chance,n_win,n_rec,secs,folds
GEOMAG-storm,base,0.9375,0.5000,128,16,2,0:1.000;1:0.625;2:1.000;3:0.625;4:1.000;5:1.000;6:1.000;7:1.000;8:0.875;9:1.000;10:1.000;11:1.000;12:1.000;13:1.000;14:0.875;15:1.000
GEOMAG-storm,pool4,0.7500,0.5000,128,16,2,0:0.750;1:0.875;2:0.750;3:1.000;4:0.625;5:0.875;6:0.375;7:0.750;8:0.875;9:0.875;10:0.625;11:1.000;12:0.875;13:0.500;14:0.500;15:0.750
GEOMAG-storm,pool16,0.6953,0.5000,128,16,2,0:0.375;1:0.625;2:0.625;3:1.000;4:0.625;5:1.000;6:0.250;7:0.750;8:0.750;9:0.875;10:1.000;11:0.500;12:0.375;13:0.625;14:1.000;15:0.750
GEOMAG-storm,even_sub,0.9141,0.5000,128,16,2,0:1.000;1:0.625;2:1.000;3:0.375;4:1.000;5:1.000;6:1.000;7:1.000;8:0.875;9:1.000;10:1.000;11:1.000;12:1.000;13:0.875;14:0.875;15:1.000
GEOMAG-storm,peak_sub,0.9219,0.5000,128,16,2,0:1.000;1:0.750;2:1.000;3:0.500;4:1.000;5:1.000;6:1.000;7:1.000;8:1.000;9:1.000;10:1.000;11:1.000;12:0.750;13:0.750;14:1.000;15:1.000
GEOMAG-storm,level,0.9844,0.5000,128,16,2,0:1.000;1:1.000;2:1.000;3:1.000;4:1.000;5:1.000;6:1.000;7:1.000;8:1.000;9:1.000;10:1.000;11:1.000;12:1.000;13:0.750;14:1.000;15:1.000
GEOMAG-storm,integ,0.9531,0.5000,128,16,2,0:1.000;1:0.625;2:1.000;3:0.875;4:1.000;5:1.000;6:1.000;7:1.000;8:1.000;9:1.000;10:1.000;11:1.000;12:1.000;13:0.750;14:1.000;15:1.000
ECN,base,0.5918,0.1667,196,14,2,0:0.357;1:0.714;2:0.429;3:0.571;4:0.929;5:1.000;6:0.000;9:1.000;10:0.929;11:1.000;12:0.500;13:0.143;14:0.714;15:0.000
ECN,pool4,0.3571,0.1667,196,14,2,0:0.357;1:0.357;2:0.143;3:0.286;4:0.357;5:0.214;6:0.000;9:0.929;10:1.000;11:1.000;12:0.071;13:0.143;14:0.143;15:0.000
ECN,pool16,0.3010,0.1667,196,14,2,0:0.357;1:0.000;2:0.214;3:0.500;4:0.786;5:0.786;6:0.000;9:0.214;10:0.500;11:0.071;12:0.286;13:0.143;14:0.357;15:0.000
ECN,even_sub,0.4949,0.1667,196,14,2,0:0.357;1:0.429;2:0.143;3:0.786;4:0.857;5:0.714;6:0.000;9:0.857;10:0.857;11:0.857;12:0.286;13:0.286;14:0.500;15:0.000
ECN,peak_sub,0.4796,0.1667,196,14,2,0:0.357;1:0.500;2:0.214;3:0.500;4:1.000;5:0.714;6:0.000;9:0.857;10:0.929;11:0.643;12:0.429;13:0.500;14:0.071;15:0.000
ECN,level,0.6378,0.1667,196,14,2,0:0.429;1:0.643;2:0.857;3:0.714;4:1.000;5:0.929;6:0.000;9:1.000;10:0.929;11:1.000;12:0.500;13:0.214;14:0.714;15:0.000
ECN,integ,0.4694,0.1667,196,14,2,0:0.214;1:0.571;2:0.429;3:0.714;4:0.929;5:0.714;6:0.000;9:0.857;10:0.857;11:0.643;12:0.357;13:0.214;14:0.071;15:0.000
CWRU,base,0.8715,0.1667,2849,24,6,0:1.000;1:1.000;2:1.000;3:1.000;4:0.723;5:0.932;6:0.899;7:0.050;8:0.847;9:0.840;10:0.429;11:0.700;12:0.849;13:0.992;14:1.000;15:1.000;16:1.000;17:1.000;18:1.000;19:1.000;20:0.815;21:0.941;22:0.958;23:0.941
CWRU,pool4,0.4117,0.1667,2849,24,7,0:0.218;1:0.144;2:0.220;3:0.127;4:0.235;5:0.085;6:0.185;7:0.025;8:0.992;9:0.992;10:0.924;11:0.975;12:0.588;13:0.559;14:0.568;15:0.176;16:0.059;17:0.168;18:0.178;19:0.118;20:0.697;21:0.782;22:0.563;23:0.303
CWRU,pool16,0.1407,0.1667,2849,24,7,0:0.092;1:0.178;2:0.085;3:0.110;4:0.134;5:0.110;6:0.126;7:0.151;8:0.051;9:0.176;10:0.143;11:0.142;12:0.126;13:0.119;14:0.093;15:0.134;16:0.151;17:0.202;18:0.195;19:0.185;20:0.134;21:0.202;22:0.168;23:0.168
CWRU,even_sub,0.5645,0.1667,2849,24,7,0:0.681;1:0.712;2:0.678;3:0.822;4:0.395;5:0.483;6:0.504;7:0.143;8:0.364;9:0.277;10:0.319;11:0.342;12:0.487;13:0.602;14:0.839;15:0.840;16:0.992;17:0.983;18:0.966;19:0.866;20:0.311;21:0.261;22:0.336;23:0.345
CWRU,peak_sub,0.6299,0.1667,2849,24,7,0:0.807;1:0.907;2:0.839;3:0.949;4:0.496;5:0.551;6:0.647;7:0.269;8:0.381;9:0.445;10:0.336;11:0.300;12:0.370;13:0.746;14:0.873;15:0.924;16:0.891;17:0.908;18:0.958;19:0.807;20:0.546;21:0.336;22:0.412;23:0.420
CWRU,level,0.9933,0.1667,2849,24,7,0:1.000;1:1.000;2:0.992;3:1.000;4:0.983;5:1.000;6:1.000;7:0.992;8:1.000;9:1.000;10:0.966;11:1.000;12:0.992;13:0.983;14:1.000;15:1.000;16:1.000;17:1.000;18:1.000;19:1.000;20:0.950;21:0.992;22:1.000;23:0.992
CWRU,integ,0.8188,0.1667,2849,24,6,0:1.000;1:1.000;2:1.000;3:1.000;4:0.975;5:0.992;6:0.496;7:0.008;8:0.771;9:0.723;10:0.319;11:0.683;12:0.605;13:0.686;14:0.814;15:0.697;16:1.000;17:1.000;18:1.000;19:0.992;20:0.933;21:0.966;22:1.000;23:0.992
MFPT,base,0.7799,0.3333,3718,20,6,0:0.881;1:0.888;2:1.000;3:0.909;4:0.755;5:0.787;6:0.469;7:0.811;8:0.748;9:0.846;10:0.895;11:0.073;12:0.657;13:0.923;14:0.909;15:0.902;16:0.902;17:0.727;18:0.776;19:0.738
MFPT,pool4,0.4654,0.3333,3718,20,7,0:0.217;1:0.119;2:0.783;3:0.413;4:0.364;5:0.483;6:0.203;7:0.231;8:0.217;9:0.133;10:0.182;11:0.703;12:0.794;13:0.755;14:0.706;15:0.811;16:0.804;17:0.420;18:0.458;19:0.514
MFPT,pool16,0.3813,0.3333,3718,20,6,0:0.217;1:0.154;2:0.524;3:0.580;4:0.594;5:0.273;6:0.175;7:0.210;8:0.238;9:0.301;10:0.203;11:0.259;12:0.392;13:0.622;14:0.664;15:0.629;16:0.608;17:0.587;18:0.203;19:0.192
MFPT,even_sub,0.5238,0.3333,3718,20,6,0:0.615;1:0.552;2:0.633;3:0.594;4:0.497;5:0.514;6:0.455;7:0.517;8:0.483;9:0.490;10:0.455;11:0.262;12:0.469;13:0.573;14:0.573;15:0.580;16:0.629;17:0.524;18:0.542;19:0.517
MFPT,peak_sub,0.6857,0.3333,3718,20,6,0:0.734;1:0.727;2:0.962;3:0.650;4:0.448;5:0.696;6:0.615;7:0.573;8:0.622;9:0.699;10:0.664;11:0.182;12:0.612;13:0.832;14:0.832;15:0.832;16:0.860;17:0.671;18:0.780;19:0.720
MFPT,level,0.8771,0.3333,3718,20,7,0:0.958;1:0.958;2:1.000;3:0.951;4:0.224;5:0.993;6:0.734;7:0.972;8:0.923;9:0.902;10:0.895;11:1.000;12:0.448;13:0.979;14:0.972;15:1.000;16:0.979;17:0.685;18:0.993;19:0.976
MFPT,integ,0.7393,0.3333,3718,20,6,0:0.811;1:0.783;2:1.000;3:0.881;4:0.434;5:0.657;6:0.608;7:0.769;8:0.720;9:0.839;10:0.839;11:0.122;12:0.818;13:0.776;14:0.790;15:0.867;16:0.902;17:0.601;18:0.755;19:0.811
CALCE-soh,base,0.5789,0.3333,306,18,3,0:0.000;1:1.000;2:0.641;3:0.000;4:0.825;5:0.750;6:0.000;7:0.250;8:0.724;9:1.000;10:0.800;11:0.926;12:1.000;13:0.333;14:0.778;15:0.000;16:0.500;17:0.893
CALCE-soh,pool4,0.6808,0.3333,306,18,3,0:1.000;1:0.769;2:0.385;3:0.000;4:0.600;5:0.333;6:1.000;7:0.250;8:0.793;9:1.000;10:0.800;11:0.778;12:1.000;13:0.389;14:0.963;15:1.000;16:0.444;17:0.750
CALCE-soh,pool16,0.7045,0.3333,306,18,3,0:1.000;1:0.462;2:0.615;3:0.000;4:0.525;5:0.708;6:1.000;7:0.438;8:0.621;9:1.000;10:0.600;11:0.852;12:1.000;13:0.611;14:0.778;15:1.000;16:0.722;17:0.750
CALCE-soh,even_sub,0.6476,0.3333,306,18,3,0:0.000;1:0.538;2:0.282;3:1.000;4:0.575;5:0.417;6:1.000;7:0.438;8:0.690;9:1.000;10:0.600;11:0.852;12:1.000;13:0.333;14:0.778;15:1.000;16:0.333;17:0.821
CALCE-soh,peak_sub,0.6377,0.3333,306,18,3,0:0.000;1:1.000;2:0.897;3:1.000;4:0.800;5:0.792;6:1.000;7:0.344;8:0.586;9:0.000;10:0.800;11:0.519;12:1.000;13:0.222;14:0.741;15:1.000;16:0.278;17:0.500
CALCE-soh,level,0.7822,0.3333,306,18,3,0:1.000;1:1.000;2:0.462;3:0.000;4:0.600;5:0.375;6:1.000;7:0.625;8:0.862;9:1.000;10:0.600;11:1.000;12:1.000;13:0.778;14:1.000;15:1.000;16:0.778;17:1.000
CALCE-soh,integ,0.7487,0.3333,306,18,3,0:1.000;1:1.000;2:0.846;3:0.000;4:0.775;5:0.792;6:1.000;7:0.375;8:0.621;9:1.000;10:0.600;11:0.852;12:1.000;13:0.667;14:0.815;15:1.000;16:0.278;17:0.857
HYD-cooler,base,0.5333,0.3333,90,18,3,0:1.000;1:0.600;2:0.600;3:1.000;4:0.800;5:0.000;6:0.600;7:0.000;8:0.400;9:0.200;10:0.600;11:0.600;12:0.200;13:1.000;14:0.800;15:0.200;16:0.600;17:0.400
HYD-cooler,pool4,0.4111,0.3333,90,18,3,0:0.600;1:0.000;2:0.800;3:1.000;4:0.800;5:0.000;6:0.000;7:0.200;8:0.400;9:0.200;10:0.200;11:0.200;12:0.400;13:0.600;14:0.600;15:0.200;16:0.800;17:0.400
HYD-cooler,pool16,0.5222,0.3333,90,18,3,0:1.000;1:0.400;2:1.000;3:1.000;4:0.800;5:0.200;6:0.600;7:0.400;8:0.600;9:0.400;10:0.400;11:0.600;12:0.000;13:0.200;14:0.400;15:0.400;16:0.400;17:0.600
HYD-cooler,even_sub,0.5444,0.3333,90,18,3,0:0.600;1:0.800;2:0.800;3:1.000;4:0.600;5:0.200;6:0.200;7:0.400;8:0.000;9:0.400;10:0.800;11:0.400;12:0.600;13:0.600;14:0.400;15:1.000;16:0.600;17:0.400
HYD-cooler,peak_sub,0.5778,0.3333,90,18,3,0:0.800;1:0.200;2:0.800;3:1.000;4:1.000;5:0.000;6:0.800;7:0.600;8:0.600;9:0.200;10:0.400;11:0.600;12:0.600;13:0.400;14:0.600;15:0.400;16:0.800;17:0.600
HYD-cooler,level,0.6222,0.3333,90,18,3,0:1.000;1:0.200;2:1.000;3:1.000;4:1.000;5:0.200;6:0.400;7:0.400;8:0.200;9:0.600;10:0.800;11:0.800;12:0.200;13:0.600;14:0.800;15:0.800;16:0.600;17:0.600
HYD-cooler,integ,0.4889,0.3333,90,18,3,0:1.000;1:0.400;2:1.000;3:0.600;4:1.000;5:0.200;6:0.400;7:0.600;8:0.000;9:0.400;10:0.200;11:0.400;12:0.400;13:0.600;14:0.600;15:0.400;16:0.400;17:0.200
HYD-valve,base,0.1917,0.2500,120,24,4,0:0.200;1:0.200;2:0.600;3:0.400;4:0.400;5:0.400;6:0.200;7:0.200;8:0.200;9:0.200;10:0.200;11:0.400;12:0.000;13:0.000;14:0.200;15:0.200;16:0.000;17:0.200;18:0.000;19:0.000;20:0.000;21:0.000;22:0.200;23:0.200
HYD-valve,pool4,0.1667,0.2500,120,24,4,0:0.200;1:0.000;2:0.200;3:0.200;4:0.000;5:0.000;6:0.200;7:0.200;8:0.000;9:0.200;10:0.400;11:0.200;12:0.000;13:0.200;14:0.400;15:0.000;16:0.400;17:0.000;18:0.000;19:0.000;20:0.400;21:0.200;22:0.400;23:0.200
HYD-valve,pool16,0.2667,0.2500,120,24,4,0:0.400;1:0.000;2:0.000;3:0.000;4:0.400;5:0.000;6:0.200;7:0.400;8:0.200;9:0.400;10:0.400;11:0.000;12:0.400;13:0.200;14:0.400;15:0.400;16:0.600;17:0.400;18:0.000;19:0.200;20:0.200;21:0.400;22:0.400;23:0.400
HYD-valve,even_sub,0.1000,0.2500,120,24,4,0:0.200;1:0.200;2:0.200;3:0.000;4:0.200;5:0.200;6:0.000;7:0.000;8:0.000;9:0.000;10:0.200;11:0.000;12:0.000;13:0.200;14:0.000;15:0.200;16:0.200;17:0.200;18:0.000;19:0.000;20:0.000;21:0.200;22:0.200;23:0.000
HYD-valve,peak_sub,0.2083,0.2500,120,24,4,0:0.400;1:0.200;2:0.400;3:0.200;4:0.000;5:0.200;6:0.200;7:0.200;8:0.200;9:0.400;10:0.400;11:0.000;12:0.200;13:0.200;14:0.200;15:0.200;16:0.200;17:0.000;18:0.000;19:0.000;20:0.400;21:0.000;22:0.800;23:0.000
HYD-valve,level,0.1500,0.2500,120,24,4,0:0.400;1:0.000;2:0.400;3:0.400;4:0.400;5:0.200;6:0.000;7:0.200;8:0.400;9:0.200;10:0.000;11:0.200;12:0.000;13:0.000;14:0.000;15:0.200;16:0.000;17:0.200;18:0.200;19:0.000;20:0.000;21:0.000;22:0.000;23:0.200
HYD-valve,integ,0.2333,0.2500,120,24,4,0:0.200;1:0.400;2:0.400;3:0.200;4:0.200;5:0.400;6:0.200;7:0.400;8:0.200;9:0.400;10:0.200;11:0.400;12:0.200;13:0.000;14:0.000;15:0.200;16:0.600;17:0.000;18:0.200;19:0.000;20:0.200;21:0.400;22:0.000;23:0.200
HYD-accumulator,base,0.2750,0.2500,120,24,4,0:0.400;1:0.200;2:0.400;3:0.200;4:0.200;5:0.200;6:0.200;7:0.200;8:0.000;9:0.200;10:0.200;11:0.200;12:0.000;13:0.000;14:0.600;15:0.400;16:0.600;17:0.200;18:0.400;19:0.400;20:0.600;21:0.400;22:0.000;23:0.400
HYD-accumulator,pool4,0.3417,0.2500,120,24,4,0:0.200;1:0.000;2:0.600;3:0.400;4:0.000;5:0.600;6:0.200;7:0.200;8:0.200;9:0.400;10:0.200;11:0.200;12:0.200;13:0.200;14:0.400;15:0.200;16:0.200;17:0.600;18:0.400;19:1.000;20:0.600;21:0.600;22:0.200;23:0.400
HYD-accumulator,pool16,0.2833,0.2500,120,24,4,0:0.000;1:0.200;2:0.600;3:0.200;4:0.400;5:0.200;6:0.000;7:0.200;8:0.000;9:0.200;10:0.000;11:0.200;12:0.400;13:0.000;14:0.400;15:0.200;16:0.400;17:0.800;18:0.400;19:0.200;20:0.600;21:0.600;22:0.200;23:0.400
HYD-accumulator,even_sub,0.1750,0.2500,120,24,4,0:0.000;1:0.200;2:0.200;3:0.200;4:0.400;5:0.000;6:0.000;7:0.000;8:0.000;9:0.000;10:0.000;11:0.200;12:0.200;13:0.200;14:0.000;15:0.600;16:0.000;17:0.400;18:0.400;19:0.200;20:0.400;21:0.400;22:0.200;23:0.000
HYD-accumulator,peak_sub,0.2083,0.2500,120,24,4,0:0.200;1:0.400;2:0.400;3:0.400;4:0.200;5:0.200;6:0.000;7:0.200;8:0.200;9:0.200;10:0.200;11:0.000;12:0.400;13:0.000;14:0.200;15:0.400;16:0.200;17:0.400;18:0.000;19:0.200;20:0.000;21:0.200;22:0.200;23:0.200
HYD-accumulator,level,0.2500,0.2500,120,24,4,0:0.400;1:0.600;2:0.000;3:0.400;4:0.200;5:0.200;6:0.000;7:0.200;8:0.000;9:0.400;10:0.000;11:0.200;12:0.000;13:0.000;14:0.200;15:0.200;16:0.600;17:0.200;18:0.400;19:0.400;20:0.800;21:0.400;22:0.000;23:0.200
HYD-accumulator,integ,0.2083,0.2500,120,24,4,0:0.400;1:0.000;2:0.400;3:0.400;4:0.400;5:0.000;6:0.200;7:0.000;8:0.000;9:0.000;10:0.200;11:0.000;12:0.200;13:0.000;14:0.200;15:0.200;16:0.200;17:0.400;18:0.200;19:0.600;20:0.400;21:0.200;22:0.200;23:0.200
DCASE-valve-id,base,0.3250,0.2500,120,24,4,0:0.000;1:1.000;2:0.600;3:0.600;4:0.400;5:0.200;6:0.400;7:0.400;8:0.000;9:0.400;10:0.000;11:0.000;12:0.000;13:0.600;14:0.200;15:0.000;16:0.000;17:0.800;18:0.600;19:0.200;20:0.600;21:0.000;22:0.400;23:0.400
DCASE-valve-id,pool4,0.1917,0.2500,120,24,4,0:0.000;1:0.000;2:0.400;3:0.200;4:0.000;5:0.200;6:0.200;7:0.200;8:0.400;9:0.000;10:0.000;11:0.400;12:0.400;13:0.200;14:0.000;15:0.400;16:0.200;17:0.200;18:0.600;19:0.000;20:0.000;21:0.200;22:0.000;23:0.400
DCASE-valve-id,pool16,0.1583,0.2500,120,24,4,0:0.000;1:0.200;2:0.400;3:0.200;4:0.000;5:0.000;6:0.000;7:0.400;8:0.200;9:0.000;10:0.000;11:0.000;12:0.600;13:0.000;14:0.200;15:0.000;16:0.200;17:0.400;18:0.200;19:0.200;20:0.200;21:0.200;22:0.000;23:0.200
DCASE-valve-id,even_sub,0.2833,0.2500,120,24,4,0:0.000;1:0.400;2:0.800;3:0.600;4:0.000;5:0.400;6:0.200;7:0.600;8:0.000;9:0.800;10:0.000;11:0.200;12:0.000;13:0.200;14:0.000;15:0.200;16:0.000;17:0.600;18:0.400;19:0.200;20:0.600;21:0.200;22:0.200;23:0.200
DCASE-valve-id,peak_sub,0.2750,0.2500,120,24,4,0:0.000;1:0.800;2:0.400;3:0.400;4:0.400;5:0.600;6:0.400;7:0.600;8:0.000;9:0.200;10:0.000;11:0.200;12:0.000;13:0.400;14:0.200;15:0.000;16:0.000;17:0.200;18:0.600;19:0.000;20:0.200;21:0.400;22:0.000;23:0.600
DCASE-valve-id,level,0.3333,0.2500,120,24,4,0:0.000;1:1.000;2:0.600;3:0.800;4:0.200;5:0.400;6:0.200;7:0.400;8:0.000;9:0.600;10:0.000;11:0.000;12:0.000;13:0.600;14:0.600;15:0.000;16:0.200;17:0.600;18:0.400;19:0.200;20:0.200;21:0.000;22:0.400;23:0.600
DCASE-valve-id,integ,0.2750,0.2500,120,24,4,0:0.000;1:1.000;2:0.600;3:0.400;4:0.400;5:0.200;6:0.400;7:0.400;8:0.000;9:0.800;10:0.000;11:0.000;12:0.000;13:0.600;14:0.200;15:0.000;16:0.200;17:0.800;18:0.000;19:0.000;20:0.200;21:0.000;22:0.200;23:0.200
DCASE-valve-anomaly,base,0.2375,0.5000,80,16,2,0:0.200;1:0.200;2:0.000;3:0.400;4:0.200;5:0.400;6:0.200;7:0.000;8:0.000;9:0.800;10:0.400;11:0.000;12:0.000;13:0.800;14:0.000;15:0.200
DCASE-valve-anomaly,pool4,0.2875,0.5000,80,16,2,0:0.200;1:0.000;2:0.400;3:0.200;4:0.400;5:0.400;6:0.000;7:0.200;8:0.200;9:0.200;10:0.800;11:0.000;12:0.600;13:0.400;14:0.200;15:0.400
DCASE-valve-anomaly,pool16,0.5625,0.5000,80,16,2,0:0.400;1:0.600;2:0.600;3:0.400;4:0.600;5:0.400;6:0.800;7:0.200;8:0.600;9:1.000;10:0.400;11:0.600;12:0.400;13:0.400;14:0.800;15:0.800
DCASE-valve-anomaly,even_sub,0.4375,0.5000,80,16,3,0:0.400;1:0.400;2:0.200;3:0.600;4:0.600;5:0.400;6:0.200;7:0.800;8:0.400;9:0.800;10:0.600;11:0.000;12:0.400;13:0.800;14:0.200;15:0.200
DCASE-valve-anomaly,peak_sub,0.3625,0.5000,80,16,3,0:0.400;1:0.200;2:0.200;3:0.400;4:0.400;5:0.400;6:0.200;7:0.600;8:0.200;9:0.800;10:0.000;11:0.200;12:0.200;13:1.000;14:0.400;15:0.200
DCASE-valve-anomaly,level,0.3750,0.5000,80,16,2,0:0.600;1:0.400;2:0.200;3:0.200;4:0.400;5:0.200;6:0.400;7:0.400;8:0.200;9:0.600;10:0.400;11:0.400;12:0.200;13:0.600;14:0.400;15:0.400
DCASE-valve-anomaly,integ,0.2750,0.5000,80,16,2,0:0.200;1:0.400;2:0.000;3:0.000;4:0.400;5:0.400;6:0.000;7:0.600;8:0.200;9:0.600;10:0.200;11:0.400;12:0.200;13:0.400;14:0.200;15:0.200
DCASE-pump-id,base,0.2917,0.2500,120,24,4,0:0.400;1:0.400;2:0.000;3:0.000;4:0.800;5:0.000;6:0.000;7:0.200;8:0.200;9:0.200;10:0.000;11:0.200;12:0.000;13:0.400;14:0.600;15:0.400;16:0.000;17:0.800;18:0.600;19:0.200;20:0.000;21:0.000;22:0.600;23:1.000
DCASE-pump-id,pool4,0.2833,0.2500,120,24,4,0:0.000;1:0.000;2:0.200;3:0.200;4:0.200;5:0.800;6:0.800;7:0.600;8:0.000;9:0.000;10:0.200;11:0.200;12:0.600;13:0.000;14:0.000;15:0.400;16:0.200;17:0.400;18:1.000;19:0.000;20:0.000;21:0.000;22:0.000;23:1.000
DCASE-pump-id,pool16,0.1500,0.2500,120,24,4,0:0.200;1:0.400;2:0.400;3:0.400;4:0.200;5:0.000;6:0.200;7:0.000;8:0.000;9:0.000;10:0.000;11:0.200;12:0.200;13:0.000;14:0.000;15:0.200;16:0.000;17:0.000;18:0.200;19:0.200;20:0.200;21:0.200;22:0.000;23:0.400
DCASE-pump-id,even_sub,0.2500,0.2500,120,24,4,0:0.200;1:0.000;2:0.200;3:0.000;4:0.200;5:0.400;6:0.200;7:0.000;8:0.000;9:0.400;10:0.200;11:0.400;12:0.400;13:0.000;14:0.400;15:0.400;16:0.200;17:0.000;18:1.000;19:0.200;20:0.000;21:0.000;22:0.400;23:0.800
DCASE-pump-id,peak_sub,0.2500,0.2500,120,24,4,0:0.000;1:0.000;2:0.000;3:0.000;4:0.000;5:0.200;6:0.000;7:0.600;8:0.200;9:0.400;10:0.000;11:0.200;12:0.400;13:0.400;14:0.000;15:0.200;16:0.600;17:0.200;18:0.200;19:0.400;20:0.200;21:0.200;22:0.600;23:1.000
DCASE-pump-id,level,0.2750,0.2500,120,24,4,0:0.200;1:0.000;2:0.200;3:0.000;4:0.200;5:0.000;6:0.200;7:0.200;8:0.200;9:0.400;10:0.200;11:0.200;12:0.000;13:0.400;14:0.200;15:0.400;16:0.200;17:1.000;18:0.600;19:0.200;20:0.000;21:0.000;22:0.600;23:1.000
DCASE-pump-id,integ,0.2583,0.2500,120,24,4,0:0.000;1:0.000;2:0.200;3:0.000;4:0.000;5:0.000;6:0.000;7:0.200;8:0.000;9:0.200;10:0.000;11:0.000;12:0.200;13:0.400;14:1.000;15:0.800;16:0.000;17:0.800;18:1.000;19:0.200;20:0.000;21:0.000;22:0.200;23:1.000
DCASE-pump-anomaly,base,0.3625,0.5000,80,16,2,0:0.000;1:0.400;2:0.000;3:0.400;4:0.600;5:0.200;6:0.600;7:0.200;8:1.000;9:0.400;10:0.200;11:0.600;12:0.600;13:0.000;14:0.200;15:0.400
DCASE-pump-anomaly,pool4,0.5000,0.5000,80,16,2,0:0.400;1:0.800;2:0.200;3:1.000;4:0.600;5:0.400;6:0.400;7:0.800;8:0.400;9:0.200;10:0.600;11:0.400;12:0.000;13:0.600;14:0.400;15:0.800
DCASE-pump-anomaly,pool16,0.4875,0.5000,80,16,2,0:0.800;1:0.400;2:0.000;3:0.000;4:1.000;5:0.400;6:0.400;7:0.400;8:0.800;9:0.800;10:0.800;11:0.600;12:0.400;13:0.600;14:0.000;15:0.400
DCASE-pump-anomaly,even_sub,0.4750,0.5000,80,16,2,0:0.400;1:0.400;2:0.000;3:0.200;4:1.000;5:0.400;6:0.400;7:0.800;8:0.800;9:0.600;10:0.400;11:0.600;12:0.000;13:0.400;14:0.600;15:0.600
DCASE-pump-anomaly,peak_sub,0.4000,0.5000,80,16,3,0:0.400;1:0.400;2:0.200;3:0.600;4:0.200;5:0.000;6:0.800;7:0.800;8:0.400;9:0.600;10:0.000;11:0.600;12:0.600;13:0.200;14:0.400;15:0.200
DCASE-pump-anomaly,level,0.5250,0.5000,80,16,2,0:0.200;1:0.600;2:0.200;3:0.800;4:1.000;5:0.200;6:0.800;7:0.600;8:0.600;9:0.600;10:0.800;11:0.800;12:0.000;13:0.600;14:0.200;15:0.400
DCASE-pump-anomaly,integ,0.4875,0.5000,80,16,2,0:0.000;1:0.200;2:0.000;3:1.000;4:0.400;5:0.000;6:0.400;7:0.800;8:0.800;9:0.800;10:0.400;11:0.600;12:0.400;13:0.600;14:0.400;15:1.000
IMS-fault,base,0.6094,0.5000,192,12,2,1st-b0:0.625;1st-b1:0.812;1st-b2:0.375;1st-b3:0.312;2nd-b0:0.000;2nd-b1:0.938;2nd-b2:0.625;2nd-b3:0.812;4th-b0:0.875;4th-b1:0.875;4th-b2:0.062;4th-b3:1.000
IMS-fault,pool4,0.7552,0.5000,192,12,2,1st-b0:0.812;1st-b1:1.000;1st-b2:0.812;1st-b3:0.938;2nd-b0:0.500;2nd-b1:1.000;2nd-b2:0.938;2nd-b3:0.625;4th-b0:0.938;4th-b1:1.000;4th-b2:0.125;4th-b3:0.375
IMS-fault,pool16,0.5156,0.5000,192,12,2,1st-b0:0.688;1st-b1:0.750;1st-b2:0.125;1st-b3:0.188;2nd-b0:0.188;2nd-b1:0.625;2nd-b2:0.500;2nd-b3:0.625;4th-b0:0.875;4th-b1:0.875;4th-b2:0.125;4th-b3:0.625
IMS-fault,even_sub,0.5573,0.5000,192,12,2,1st-b0:0.688;1st-b1:0.625;1st-b2:0.188;1st-b3:0.125;2nd-b0:0.250;2nd-b1:0.625;2nd-b2:0.812;2nd-b3:1.000;4th-b0:0.875;4th-b1:0.625;4th-b2:0.062;4th-b3:0.812
IMS-fault,peak_sub,0.4427,0.5000,192,12,2,1st-b0:0.625;1st-b1:0.688;1st-b2:0.062;1st-b3:0.062;2nd-b0:0.062;2nd-b1:0.688;2nd-b2:0.500;2nd-b3:0.625;4th-b0:0.812;4th-b1:0.500;4th-b2:0.000;4th-b3:0.688
IMS-fault,level,0.6562,0.5000,192,12,2,1st-b0:0.625;1st-b1:0.750;1st-b2:0.875;1st-b3:0.312;2nd-b0:0.000;2nd-b1:1.000;2nd-b2:0.562;2nd-b3:0.875;4th-b0:1.000;4th-b1:0.875;4th-b2:0.000;4th-b3:1.000
IMS-fault,integ,0.6510,0.5000,192,12,2,1st-b0:0.812;1st-b1:0.625;1st-b2:0.125;1st-b3:0.750;2nd-b0:0.125;2nd-b1:1.000;2nd-b2:0.250;2nd-b3:0.812;4th-b0:0.938;4th-b1:0.938;4th-b2:0.438;4th-b3:1.000
SEIS-depth,base,0.6875,0.5000,128,16,2,0:1.000;1:0.250;2:0.500;3:1.000;4:0.875;5:1.000;6:1.000;7:0.250;8:0.375;9:0.250;10:1.000;11:0.750;12:0.375;13:0.750;14:0.875;15:0.750
SEIS-depth,pool4,0.7891,0.5000,128,16,2,0:1.000;1:0.750;2:1.000;3:1.000;4:0.375;5:1.000;6:0.875;7:0.000;8:1.000;9:1.000;10:0.875;11:0.750;12:0.500;13:0.875;14:0.625;15:1.000
SEIS-depth,pool16,0.5859,0.5000,128,16,2,0:1.000;1:0.500;2:0.375;3:0.750;4:0.375;5:1.000;6:0.875;7:0.000;8:1.000;9:0.625;10:0.125;11:0.250;12:0.375;13:0.875;14:0.250;15:1.000
SEIS-depth,even_sub,0.6875,0.5000,128,16,2,0:0.875;1:0.500;2:0.500;3:1.000;4:0.375;5:1.000;6:0.875;7:0.250;8:0.750;9:0.625;10:1.000;11:0.750;12:0.250;13:0.750;14:0.875;15:0.625
SEIS-depth,peak_sub,0.6875,0.5000,128,16,2,0:1.000;1:0.750;2:0.500;3:1.000;4:0.500;5:1.000;6:0.750;7:0.125;8:1.000;9:0.250;10:0.875;11:0.375;12:0.375;13:0.875;14:1.000;15:0.625
SEIS-depth,level,0.8047,0.5000,128,16,3,0:1.000;1:0.375;2:1.000;3:1.000;4:0.750;5:1.000;6:0.875;7:0.375;8:0.750;9:0.750;10:1.000;11:0.875;12:0.500;13:1.000;14:1.000;15:0.625
SEIS-depth,integ,0.7578,0.5000,128,16,3,0:1.000;1:0.750;2:0.750;3:0.875;4:0.875;5:1.000;6:0.750;7:0.000;8:0.625;9:0.750;10:0.875;11:0.875;12:0.500;13:0.875;14:1.000;15:0.625
GRIDFREQ-area,base,0.5365,0.1667,192,24,4,0:1.000;1:1.000;2:1.000;3:1.000;4:0.500;5:0.125;6:0.875;7:0.500;8:0.375;9:0.250;10:0.000;11:0.500;12:0.750;13:1.000;14:1.000;15:0.375;16:0.875;17:0.375;18:0.000;19:0.250;20:0.375;21:0.250;22:0.500;23:0.000
GRIDFREQ-area,pool4,0.5208,0.1667,192,24,4,0:0.125;1:0.625;2:0.250;3:0.625;4:0.500;5:0.250;6:0.750;7:0.375;8:0.500;9:0.375;10:0.750;11:0.625;12:0.500;13:0.125;14:0.625;15:0.625;16:0.875;17:0.875;18:0.000;19:1.000;20:0.625;21:0.500;22:1.000;23:0.000
GRIDFREQ-area,pool16,0.2812,0.1667,192,24,4,0:0.000;1:0.000;2:0.000;3:0.000;4:0.000;5:0.000;6:0.250;7:0.000;8:0.250;9:0.500;10:0.500;11:0.375;12:0.375;13:0.125;14:0.250;15:0.000;16:0.375;17:0.875;18:0.375;19:0.625;20:0.750;21:0.500;22:0.625;23:0.000
GRIDFREQ-area,even_sub,0.2969,0.1667,192,24,4,0:0.750;1:1.000;2:0.750;3:0.875;4:0.000;5:0.250;6:0.250;7:0.250;8:0.125;9:0.250;10:0.375;11:0.250;12:0.000;13:0.250;14:0.000;15:0.125;16:0.625;17:0.125;18:0.000;19:0.125;20:0.250;21:0.125;22:0.375;23:0.000
GRIDFREQ-area,peak_sub,0.5208,0.1667,192,24,4,0:1.000;1:0.875;2:1.000;3:1.000;4:0.500;5:0.500;6:0.375;7:0.250;8:0.500;9:0.125;10:0.000;11:0.500;12:0.875;13:0.750;14:0.875;15:0.750;16:0.625;17:0.625;18:0.000;19:0.875;20:0.125;21:0.125;22:0.250;23:0.000
GRIDFREQ-area,level,0.5677,0.1667,192,24,4,0:1.000;1:1.000;2:1.000;3:1.000;4:0.375;5:0.250;6:0.875;7:0.500;8:0.500;9:0.125;10:0.375;11:0.500;12:0.750;13:1.000;14:1.000;15:0.500;16:0.750;17:0.375;18:0.000;19:0.375;20:0.625;21:0.250;22:0.500;23:0.000
GRIDFREQ-area,integ,0.5104,0.1667,192,24,4,0:1.000;1:1.000;2:1.000;3:1.000;4:0.625;5:0.125;6:0.750;7:0.250;8:0.250;9:0.250;10:0.375;11:0.375;12:0.750;13:0.625;14:0.875;15:0.625;16:0.250;17:0.500;18:0.000;19:0.125;20:0.500;21:0.125;22:0.875;23:0.000
GAS-id,base,0.1208,0.2500,240,20,4,0:0.083;1:0.083;2:0.083;3:0.167;4:0.083;5:0.000;6:0.000;7:0.167;8:0.083;9:0.167;10:0.083;11:0.083;12:0.083;13:0.250;14:0.083;15:0.333;16:0.167;17:0.000;18:0.167;19:0.250
GAS-id,pool4,0.1042,0.2500,240,20,4,0:0.250;1:0.000;2:0.000;3:0.083;4:0.000;5:0.083;6:0.000;7:0.167;8:0.167;9:0.083;10:0.083;11:0.000;12:0.083;13:0.083;14:0.083;15:0.167;16:0.250;17:0.167;18:0.167;19:0.167
GAS-id,pool16,0.1375,0.2500,240,20,4,0:0.083;1:0.167;2:0.250;3:0.000;4:0.167;5:0.000;6:0.167;7:0.000;8:0.083;9:0.250;10:0.333;11:0.083;12:0.250;13:0.167;14:0.083;15:0.167;16:0.250;17:0.167;18:0.083;19:0.000
GAS-id,even_sub,0.1792,0.2500,240,20,4,0:0.000;1:0.083;2:0.083;3:0.167;4:0.083;5:0.083;6:0.083;7:0.167;8:0.167;9:0.250;10:0.417;11:0.250;12:0.417;13:0.250;14:0.250;15:0.167;16:0.250;17:0.167;18:0.250;19:0.000
GAS-id,peak_sub,0.1625,0.2500,240,20,4,0:0.083;1:0.083;2:0.333;3:0.083;4:0.083;5:0.083;6:0.083;7:0.167;8:0.167;9:0.167;10:0.167;11:0.333;12:0.083;13:0.250;14:0.083;15:0.167;16:0.167;17:0.167;18:0.250;19:0.250
GAS-id,level,0.1250,0.2500,240,20,4,0:0.250;1:0.000;2:0.000;3:0.167;4:0.000;5:0.083;6:0.000;7:0.500;8:0.083;9:0.000;10:0.000;11:0.167;12:0.250;13:0.000;14:0.083;15:0.667;16:0.083;17:0.000;18:0.083;19:0.083
GAS-id,integ,0.1042,0.2500,240,20,3,0:0.167;1:0.083;2:0.083;3:0.083;4:0.000;5:0.167;6:0.083;7:0.000;8:0.167;9:0.083;10:0.000;11:0.417;12:0.167;13:0.250;14:0.000;15:0.083;16:0.083;17:0.083;18:0.083;19:0.000
VOLCANO-eruption,base,0.7667,0.5000,120,15,2,0:1.000;1:0.875;2:1.000;3:0.750;4:0.000;5:1.000;6:0.000;7:1.000;9:0.625;10:1.000;11:1.000;12:1.000;13:1.000;14:1.000;15:0.250
VOLCANO-eruption,pool4,0.6000,0.5000,120,15,2,0:0.500;1:0.375;2:0.625;3:1.000;4:0.750;5:0.250;6:0.000;7:0.750;9:0.625;10:1.000;11:0.750;12:0.875;13:0.875;14:0.500;15:0.125
VOLCANO-eruption,pool16,0.9000,0.5000,120,15,2,0:1.000;1:1.000;2:1.000;3:1.000;4:1.000;5:1.000;6:0.750;7:1.000;9:0.375;10:1.000;11:1.000;12:1.000;13:1.000;14:1.000;15:0.375
VOLCANO-eruption,even_sub,0.7750,0.5000,120,15,3,0:1.000;1:0.875;2:1.000;3:0.750;4:0.000;5:1.000;6:0.375;7:1.000;9:0.625;10:1.000;11:0.875;12:1.000;13:0.750;14:1.000;15:0.375
VOLCANO-eruption,peak_sub,0.7167,0.5000,120,15,2,0:1.000;1:0.750;2:1.000;3:0.250;4:0.000;5:1.000;6:0.250;7:1.000;9:0.625;10:1.000;11:0.875;12:0.750;13:1.000;14:1.000;15:0.250
VOLCANO-eruption,level,0.7500,0.5000,120,15,2,0:1.000;1:0.625;2:1.000;3:0.750;4:0.000;5:1.000;6:0.000;7:1.000;9:0.625;10:1.000;11:1.000;12:1.000;13:1.000;14:1.000;15:0.250
VOLCANO-eruption,integ,0.7167,0.5000,120,15,2,0:0.750;1:0.875;2:1.000;3:0.375;4:0.000;5:1.000;6:0.125;7:1.000;9:0.500;10:1.000;11:1.000;12:0.875;13:1.000;14:0.875;15:0.375
